pcd_Folder,pcd_File,pressure_MPa,pcd_f0_idx,pcd_H1_idx,pcd_H2_idx,pcd_H3_idx,pcd_f0_dB,pcd_H1_dB,pcd_H2_dB,pcd_H3_dB,pcd_U1_idx,pcd_U2_idx,pcd_U3_idx,pcd_U1_dB,pcd_U2_dB,pcd_U3_dB,pcd_U1_BB_dB,pcd_U2_BB_dB,pcd_U3_BB_dB,pcd_H1_exceeds,pcd_H2_exceeds,pcd_H3_exceeds,pcd_U1_exceeds,pcd_U2_exceeds,pcd_U3_exceeds,pcd_Unsafe_1s,pcd_Unsafe_2s,pcd_Unsafe_3s,pcd_Target_BB_std,pcd_Ambient_BB_std,concentration,probe_filename,probe_frame,probe_H1_idx,probe_H2_idx,probe_H3_idx,probe_H1_dB,probe_H2_dB,probe_H3_dB,probe_U1_idx,probe_U2_idx,probe_U3_idx,probe_U1_dB,probe_U2_dB,probe_U3_dB,probe_target_bb_std,probe_ambient_bb_std,probe_harmonic_threshold_dB,probe_U1_threshold_dB,probe_U2_threshold_dB,probe_U3_threshold_dB,probe_exceeds_H1,probe_exceeds_H2,probe_exceeds_H3,probe_exceeds_U1,probe_exceeds_U2,probe_exceeds_U3,probe_safety_1s,probe_safety_2s,probe_safety_3s
1000x_01,1000x_01_02.mat,0.025,13108,26215,39323,52430,-65.9070385080768,-86.7232257807427,-86.7693999307238,-86.9210844702279,19736,32344,45076,-86.5479692905054,-86.7562922008887,-86.8610255100086,-119.650824660548,-119.818915687616,-119.903172463313,1,1,1,0,0,0,0,0,0,6.64647876664731e-05,6.67342966648084e-05,1000x_01,PCI_1000x_01.pacq,1,12584,14681,16778,-56.4759342701009,-48.1099700010815,-54.8433429734559,14617,15422,18796,-52.6768458863298,-52.3617848658179,-50.6708123033881,0.459064489089503,0.466824353655995,-53.9883295258759,-54.2218417220859,-50.6375024680176,-48.3572425379499,0,1,0,1,0,0,0,0,0
1000x_01,1000x_01_04.mat,0.05,13108,26215,39323,52430,-59.5944780700591,-86.7542666266594,-86.8041325590601,-86.954666559389,18927,32580,45683,-86.5393047274134,-86.909635946362,-86.8687511411269,-119.704815446661,-119.836735718257,-119.958876631115,1,1,1,0,0,0,0,0,0,6.59320864132654e-05,6.66370829356995e-05,1000x_01,PCI_1000x_01.pacq,6,12584,14681,16778,-36.3001816282204,-28.4449631526705,-21.1590012314976,12773,14870,18811,-25.2801372727893,-23.004474117944,-20.9574160204511,1.30417254281364,0.474018350843289,-53.9380988900729,-53.6274229570285,-50.642513392505,-47.5078037648756,1,1,1,1,1,1,1,0,0
1000x_01,1000x_01_06.mat,0.075,13108,26215,39323,52430,-56.1680381807899,-86.6956456148257,-86.9330791184126,-86.8609478081708,18777,32782,45511,-86.3991189299696,-86.8131508291829,-86.9612513827519,-119.68947476164,-119.865153504994,-119.905442768071,1,1,1,0,0,0,0,0,0,6.59933906722842e-05,6.6643245118445e-05,1000x_01,PCI_1000x_01.pacq,11,12584,14681,16778,-31.0901212995868,-29.1157663001912,-21.8102373767383,12702,16699,18796,-19.5608745274959,-14.0649143988089,-11.9281568942084,12.0342430186824,0.488338569620121,-53.8534278557025,-41.9309078971906,-45.7038954499367,-44.9138043436155,1,1,1,1,1,1,1,1,1
1000x_01,1000x_01_08.mat,0.1,13108,26215,39323,52430,-53.6994786426379,-86.6285441088277,-86.8162921948694,-86.8827842094054,19993,31848,45410,-86.5396942050203,-86.817937189014,-86.8406768092824,-119.611534535785,-119.780080001499,-119.896066149543,1,1,1,0,0,0,0,0,0,6.67811187818903e-05,6.64546620340318e-05,1000x_01,PCI_1000x_01.pacq,16,12584,14681,16778,-37.6780138211443,-30.7264579257678,-21.7163891691731,12736,16498,18742,-26.269885105739,-21.9863956046187,-19.8385352380136,23.7506456720413,0.496292359263224,-53.5629526189086,-35.4703741112511,-35.2596619913373,-35.4317197840598,1,1,1,1,1,1,1,1,1
1000x_01,1000x_01_10.mat,0.125,13108,26215,39323,52430,-51.8527040496509,-86.5193979774446,-86.7195456297667,-86.9359031840511,19377,32488,46336,-86.4566198180063,-86.7811376550972,-86.9325670604584,-119.642314880429,-119.799412845799,-119.900773558846,1,1,1,0,0,0,0,0,0,6.63498863411731e-05,6.61395380879382e-05,1000x_01,PCI_1000x_01.pacq,21,12584,14681,16778,-37.6000103134123,-22.8261580459435,-20.398675065557,14438,16625,18707,-22.0538708725478,-19.8143412132697,-17.1333584100801,31.1321399466666,0.600999667339777,-53.2609320934293,-31.8762468143978,-34.9148964197528,-26.0697893957785,1,1,1,1,1,1,1,1,1
1000x_01,1000x_01_12.mat,0.15,13108,26215,39323,52430,-50.0073091999114,-86.2277803510991,-86.8108301884435,-86.917380328731,19174,33410,45496,-86.297521845547,-86.7327690729958,-86.7880470560219,-119.635938598872,-119.820764165245,-119.8969590336,1,1,1,0,0,0,0,0,0,6.63534179120485e-05,6.62310290302752e-05,1000x_01,PCI_1000x_01.pacq,26,12584,14681,16778,-17.9802711117675,-15.4356245648855,-13.4175061321729,14175,16489,18587,-12.9452110308274,-10.3127744830366,-8.42594960902825,62.0019916193769,0.781896132865829,-52.5921584629752,-24.6617395594979,-27.8926410725342,-20.8715442701799,1,1,1,1,1,1,1,1,1
1000x_01,1000x_01_14.mat,0.175,13108,26215,39323,52430,-48.6887063382271,-85.9419117021886,-86.7626546429299,-86.8306942812467,20463,33127,45236,-86.5770121699499,-86.7318302476214,-86.8360002996423,-119.657278548072,-119.737693127708,-119.841806433228,1,1,1,0,0,0,0,0,0,6.65449841054869e-05,6.58694634070371e-05,1000x_01,PCI_1000x_01.pacq,31,12584,14681,16778,-17.7788645629852,-13.6426883578933,-13.1720586048366,13920,16141,18609,-9.64429982802514,-8.30470027446482,-5.92500666404862,81.6396217766889,1.1184826954886,-51.9394180120308,-22.4721366449541,-25.3979093724033,-20.9244847599353,1,1,1,1,1,1,1,1,1
100x_02,100x_02_02.mat,0.025,13108,26215,39323,52430,-65.6901399192739,-86.594230653539,-86.7793650504141,-86.916007259384,20300,32523,45944,-86.6854551437384,-86.6736316711961,-86.8326325891735,-119.653826266627,-119.781532748278,-119.886972597299,1,1,1,0,0,0,0,0,0,6.70870694652583e-05,6.67342966648084e-05,100x_02,PCI_100x_02.pacq,1,12584,14681,16778,-57.2532072550789,-54.8620702096076,-53.463052859268,14494,14878,18811,-54.5248876301157,-48.0716569193537,-47.8010431955839,0.468588356131988,0.466824353655995,-53.9883295258759,-54.2218417220859,-50.6375024680176,-48.3572425379499,0,0,1,0,1,1,0,0,0
100x_02,100x_02_04.mat,0.05,13108,26215,39323,52430,-59.6318065012384,-86.4017071410535,-86.649746448374,-86.8387390998235,19206,31863,45653,-86.4803350902675,-86.5762265283409,-86.8800748578676,-119.564273589828,-119.721242384354,-119.856219132027,1,1,1,0,0,0,0,0,0,6.73376317996801e-05,6.66370829356995e-05,100x_02,PCI_100x_02.pacq,6,12584,14681,16778,-29.5298299392847,-24.9602870994154,-19.7240591945401,12780,16714,16842,-31.9876660253684,-26.069907316966,-26.1622614961197,0.82362718679819,0.474018350843289,-53.9380988900729,-53.6274229570285,-50.642513392505,-47.5078037648756,1,1,1,1,1,1,0,0,0
100x_02,100x_02_06.mat,0.075,13108,26215,39323,52430,-56.1476294652717,-86.3083661209879,-86.6740324873934,-86.9921463895165,19071,33404,46461,-86.5016684768337,-86.6910794047208,-86.7873732473001,-119.546983573854,-119.760896117515,-119.789183238951,1,1,1,0,0,0,0,0,0,6.73750689971346e-05,6.6643245118445e-05,100x_02,PCI_100x_02.pacq,11,12584,14681,16778,-23.3268035847262,-17.4124810472863,-16.4541368262023,12688,16705,18812,-18.7408357932858,-15.9743309278044,-12.0609827596433,12.7946995672653,0.488338569620121,-53.8534278557025,-41.9309078971906,-45.7038954499367,-44.9138043436155,1,1,1,1,1,1,1,1,1
100x_02,100x_02_08.mat,0.1,13108,26215,39323,52430,-53.9172316366558,-86.1425104900016,-86.7762920450753,-86.8688899439509,20437,31922,45142,-86.5032726378528,-86.8172814335661,-86.9224567722041,-119.573922735554,-119.788143619592,-119.903906071698,1,1,1,0,0,0,0,0,0,6.69289478237079e-05,6.64546620340318e-05,100x_02,PCI_100x_02.pacq,16,12584,14681,16778,-26.4935809469883,-24.0717449353564,-17.8007044844112,14593,16714,18811,-18.5653012561447,-14.7904389521814,-11.9976230444125,28.0489780815849,0.496292359263224,-53.5629526189086,-35.4703741112511,-35.2596619913373,-35.4317197840598,1,1,1,1,1,1,1,1,1
100x_02,100x_02_10.mat,0.125,13108,26215,39323,52430,-52.2822396941579,-86.0885839886265,-86.6809063658747,-86.8454535070889,20011,33291,46791,-86.6123848739101,-86.702054688568,-86.8350072537288,-119.629138023542,-119.749636479006,-119.839290981598,1,1,1,0,0,0,0,0,0,6.64547142231293e-05,6.61395380879382e-05,100x_02,PCI_100x_02.pacq,21,12584,14681,16778,-25.9856665955036,-23.3323890665799,-16.4904796787586,13705,16685,18656,-15.8860704866947,-14.9514836306026,-11.4510077153543,44.0927797473916,0.600999667339777,-53.2609320934293,-31.8762468143978,-34.9148964197528,-26.0697893957785,1,1,1,1,1,1,1,1,1
100x_02,100x_02_12.mat,0.15,13108,26215,39323,52430,-50.6438654159071,-86.0997840010393,-86.7548435038845,-86.8921739577358,19206,31772,46849,-86.3411408549513,-86.785934389757,-86.8415504586593,-119.572637219371,-119.808923058626,-119.89893902197,1,1,1,0,0,0,0,0,0,6.71719755014727e-05,6.62310290302752e-05,100x_02,PCI_100x_02.pacq,26,12584,14681,16778,-18.2350674214252,-16.3596134579371,-10.6263893568803,13564,16532,18628,-10.7330384592477,-8.37757959991322,-5.22966849328317,79.8376110840857,0.781896132865829,-52.5921584629752,-24.6617395594979,-27.8926410725342,-20.8715442701799,1,1,1,1,1,1,1,1,1
100x_02,100x_02_14.mat,0.175,13108,26215,39323,52430,-49.2550898615502,-85.9393047911167,-86.7095231964063,-86.933553634928,18846,31805,46299,-86.0741472317532,-86.7313250199985,-86.8657150015562,-119.61179417981,-119.811344332703,-119.845564622429,1,1,1,0,0,0,0,0,0,6.63697678630136e-05,6.58694634070371e-05,100x_02,PCI_100x_02.pacq,31,12584,14681,16778,-13.9643104009736,-13.5543718426107,-10.6580049735644,13256,15752,17849,-7.3869741084968,-4.97711812352828,-3.00404969702346,108.088620814261,1.1184826954886,-51.9394180120308,-22.4721366449541,-25.3979093724033,-20.9244847599353,1,1,1,1,1,1,1,1,1
1m_x_01,1m_x_01_02.mat,0.025,13108,26215,39323,52430,-65.5871084059783,-86.6229953272487,-86.9197609965058,-86.8727021902153,19287,32747,46104,-86.4966008604395,-86.6580648070286,-86.9376741605024,-119.690000400574,-119.800758736767,-119.959084195404,1,1,1,0,0,0,0,0,0,6.59206950282632e-05,6.67342966648084e-05,1m_x_01,PCI_1m_x_01.pacq,1,12584,14681,16778,-61.8671300806965,-55.7165409490306,-54.7903983006371,14091,16591,18640,-55.8418943032661,-51.8510609679136,-50.5191844126656,0.47024900095536,0.466824353655995,-53.9883295258759,-54.2218417220859,-50.6375024680176,-48.3572425379499,0,0,0,0,0,0,0,0,0
1m_x_01,1m_x_01_04.mat,0.05,13108,26215,39323,52430,-59.2692695308082,-86.7061378326064,-86.9136736582794,-86.9579699287276,20170,33453,45409,-86.6721134781821,-86.7649794367817,-87.0011565269672,-119.790756596179,-119.874534909671,-119.998169217006,1,1,1,0,0,0,0,0,0,6.56813069817105e-05,6.66370829356995e-05,1m_x_01,PCI_1m_x_01.pacq,6,12584,14681,16778,-58.3290807632822,-52.8418529184739,-53.1745296077291,14383,16414,18664,-54.5471444267174,-52.608704883534,-50.9260110619898,0.474359393398482,0.474018350843289,-53.9380988900729,-53.6274229570285,-50.642513392505,-47.5078037648756,0,1,1,0,0,0,0,0,0
1m_x_01,1m_x_01_06.mat,0.075,13108,26215,39323,52430,-55.8656732751036,-86.6667249748176,-86.8297228956027,-87.0325130419318,19277,33486,45855,-86.6324507748677,-86.737324756921,-86.8241910706323,-119.69249224222,-119.815875451985,-119.894308504402,1,1,1,0,0,0,0,0,0,6.6388879397361e-05,6.6643245118445e-05,1m_x_01,PCI_1m_x_01.pacq,11,12584,14681,16778,-49.1051760462645,-40.5077885922172,-40.303393497255,14617,14878,18811,-48.0759676406791,-43.8684826519916,-39.1957001437298,3.27386153565925,0.488338569620121,-53.8534278557025,-41.9309078971906,-45.7038954499367,-44.9138043436155,1,1,1,0,1,1,1,1,1
1m_x_01,1m_x_01_08.mat,0.1,13108,26215,39323,52430,-53.5311292807669,-86.6566757440025,-86.8445375701517,-86.9557796825799,20470,32019,44935,-86.5722185491843,-86.7687129701475,-86.9606718125259,-119.715763066026,-119.889411167806,-119.999309787015,1,1,1,0,0,0,0,0,0,6.62691185770355e-05,6.64546620340318e-05,1m_x_01,PCI_1m_x_01.pacq,16,12584,14681,16778,-41.6245800027432,-34.64845092311,-35.3801082490331,12971,14871,18811,-39.6986055967183,-39.9915013773002,-33.5605790220591,9.77530875298171,0.496292359263224,-53.5629526189086,-35.4703741112511,-35.2596619913373,-35.4317197840598,1,1,1,0,0,1,1,1,1
1m_x_01,1m_x_01_10.mat,0.125,13108,26215,39323,52430,-51.4991515834616,-86.4305857920473,-86.7259056992661,-86.9469977382123,19888,33197,46057,-86.5730656697334,-86.6916177867756,-86.9214333194551,-119.636614565329,-119.796923170305,-119.940685476505,1,1,1,0,0,0,0,0,0,6.66588982953921e-05,6.61395380879382e-05,1m_x_01,PCI_1m_x_01.pacq,21,12584,14681,16778,-32.5623098638793,-28.8036335954802,-28.5823451702004,14617,16714,18811,-37.4640838873883,-32.3661176734314,-31.5216892021658,16.7201082195199,0.600999667339777,-53.2609320934293,-31.8762468143978,-34.9148964197528,-26.0697893957785,1,1,1,0,1,0,1,1,1
1m_x_01,1m_x_01_12.mat,0.15,13108,26215,39323,52430,-49.7171058926084,-85.8512380149762,-86.7356508891977,-86.720670330843,20624,32738,46207,-86.3908178527218,-86.0478262935524,-86.7396073508876,-119.416128979914,-119.512097349601,-119.717126512417,1,1,1,0,0,0,0,0,0,6.77577495574362e-05,6.62310290302752e-05,1m_x_01,PCI_1m_x_01.pacq,26,12584,14681,16778,-24.324796417835,-17.8399098519031,-21.0743469105032,13558,16051,18148,-17.7310609185062,-16.6538372032661,-14.0100484433909,36.3893899879082,0.781896132865829,-52.5921584629752,-24.6617395594979,-27.8926410725342,-20.8715442701799,1,1,1,1,1,1,1,1,1
1m_x_01,1m_x_01_14.mat,0.175,13108,26215,39323,52430,-48.4689891029041,-85.5617674245621,-86.6858215357358,-86.7406903643706,18700,32495,46554,-85.904625452705,-86.2838372535259,-86.8333460149984,-119.465162368827,-119.636233482255,-119.755981706993,1,1,1,0,0,0,0,0,0,6.69479654252075e-05,6.58694634070371e-05,1m_x_01,PCI_1m_x_01.pacq,31,12584,14681,16778,-23.1540423670028,-14.8758719869649,-17.8172546133323,14622,16587,17662,-14.5451531165769,-13.6426816570437,-11.3686454909379,45.0780885618586,1.1184826954886,-51.9394180120308,-22.4721366449541,-25.3979093724033,-20.9244847599353,1,1,1,1,1,1,1,1,1
1m_x_02,1m_x_02_02.mat,0.025,13108,26215,39323,52430,-65.8403095828535,-86.6576194545149,-86.7229772871194,-86.846329051009,19939,33759,45365,-86.5521794542802,-86.7186259658362,-86.867794178876,-119.686526838991,-119.723814522046,-119.926829529652,1,1,1,0,0,0,0,0,0,6.64573502850354e-05,6.67342966648084e-05,1m_x_02,PCI_1m_x_02.pacq,1,12584,14681,16778,-59.50523090138,-58.4966955851538,-54.1800436147663,13633,15613,18141,-56.1306278639065,-52.6862301564901,-50.9041671449386,0.473245806138423,0.466824353655995,-53.9883295258759,-54.2218417220859,-50.6375024680176,-48.3572425379499,0,0,0,0,0,0,0,0,0
1m_x_02,1m_x_02_04.mat,0.05,13108,26215,39323,52430,-59.481778148786,-86.569797676599,-86.6783137538865,-86.8723037322408,20243,33735,45484,-86.568212077625,-86.7374102870522,-86.7584851251991,-119.57574154581,-119.685292522476,-119.859936932475,1,1,1,0,0,0,0,0,0,6.70230534248902e-05,6.66370829356995e-05,1m_x_02,PCI_1m_x_02.pacq,6,12584,14681,16778,-61.0231945658835,-52.6240716806081,-44.728597955391,12780,14877,18811,-46.9403682324225,-46.4735190269952,-41.0685421570487,0.474609137208945,0.474018350843289,-53.9380988900729,-53.6274229570285,-50.642513392505,-47.5078037648756,0,1,1,1,1,1,0,0,0
1m_x_02,1m_x_02_06.mat,0.075,13108,26215,39323,52430,-56.0248165969943,-86.6750149573655,-86.8173036766515,-86.8446849278212,20553,32907,46827,-86.7368498223711,-86.8457450244881,-86.8184002166311,-119.738073909436,-119.866265602387,-119.895263997817,1,1,1,0,0,0,0,0,0,6.61640339316261e-05,6.6643245118445e-05,1m_x_02,PCI_1m_x_02.pacq,11,12584,14681,16778,-50.7230257353379,-41.8060755828078,-46.6886923693989,14617,16703,18811,-48.029582826001,-46.3086158336425,-43.9047949309222,2.45987881323197,0.488338569620121,-53.8534278557025,-41.9309078971906,-45.7038954499367,-44.9138043436155,1,1,1,0,0,1,1,1,1
1m_x_02,1m_x_02_08.mat,0.1,13108,26215,39323,52430,-53.5326030784591,-86.6000623422812,-86.7742250056171,-86.7998025860224,20310,33695,45260,-86.5861117605629,-86.7512355124284,-86.8620067323459,-119.67372680522,-119.802043860527,-119.914685001565,1,1,1,0,0,0,0,0,0,6.60335420774809e-05,6.64546620340318e-05,1m_x_02,PCI_1m_x_02.pacq,16,12584,14681,16778,-40.4607673859524,-34.5370377220908,-41.1250854201052,14617,16729,18811,-41.8330458512529,-41.3030056970056,-36.4810174489508,9.59424207212932,0.496292359263224,-53.5629526189086,-35.4703741112511,-35.2596619913373,-35.4317197840598,1,1,1,0,0,0,1,1,1
1m_x_02,1m_x_02_10.mat,0.125,13108,26215,39323,52430,-51.5765918748577,-86.5147098517024,-86.8496602496817,-86.9812945484434,18957,33363,45474,-86.3445254409761,-86.8084844268426,-86.952028157422,-119.669118553291,-119.830865172349,-119.986319942698,1,1,1,0,0,0,0,0,0,6.61299920712649e-05,6.61395380879382e-05,1m_x_02,PCI_1m_x_02.pacq,21,12584,14681,16778,-32.9184107350358,-29.5314029375716,-29.1813052890259,14617,16714,16843,-37.8987684857152,-36.6202071881405,-35.437996661661,10.8155707229531,0.600999667339777,-53.2609320934293,-31.8762468143978,-34.9148964197528,-26.0697893957785,1,1,1,0,0,0,1,1,1
1m_x_02,1m_x_02_12.mat,0.15,13108,26215,39323,52430,-49.9287457562803,-86.0875622508875,-86.7094870333577,-87.0027777949409,19020,32900,45050,-86.2229333769221,-86.7102609883352,-86.9213516814782,-119.675583099419,-119.830890533583,-119.965989377177,1,1,1,0,0,0,0,0,0,6.60949833229735e-05,6.62310290302752e-05,1m_x_02,PCI_1m_x_02.pacq,26,12584,14681,16778,-23.6997689400304,-23.8535481705951,-22.7533246746929,14579,15493,18646,-21.1250254743149,-18.5693336972086,-15.7033962964269,25.2191139203936,0.781896132865829,-52.5921584629752,-24.6617395594979,-27.8926410725342,-20.8715442701799,1,1,1,1,1,1,1,1,1
1m_x_02,1m_x_02_14.mat,0.175,13108,26215,39323,52430,-48.5070360397626,-85.6976063138398,-86.7397666675802,-86.8950479664125,19771,32680,46555,-86.4125604763293,-86.9186523223753,-86.9086642546571,-119.653849310434,-119.849379279366,-119.911102276169,1,1,1,0,0,0,0,0,0,6.65850770695885e-05,6.58694634070371e-05,1m_x_02,PCI_1m_x_02.pacq,31,12584,14681,16778,-20.8158571057944,-16.0658201251079,-20.1046542630795,14301,16694,18206,-14.4675315671288,-11.4371427900771,-10.4746672653909,50.9157039121118,1.1184826954886,-51.9394180120308,-22.4721366449541,-25.3979093724033,-20.9244847599353,1,1,1,1,1,1,1,1,1
