File,f0_idx,H1_idx,H2_idx,H3_idx,f0_dB,H1_dB,H2_dB,H3_dB,U1_idx,U2_idx,U3_idx,U1_dB,U2_dB,U3_dB,Broadband_Noise_dB
1000x_01_01.mat,13108,26215,39323,52430,-86.4024563598412,-86.8143111516492,-86.8516971888812,-86.8609323615855,19153,33412,46725,-86.5915075651046,-86.8140036776776,-86.9095857708875,-117.5665
1000x_01_03.mat,13108,26215,39323,52430,-86.281417037031,-86.5974245803949,-86.7923252339985,-86.8054212558306,20401,31852,45733,-86.5839826301101,-86.7418952439826,-86.9190920578368,-116.9917
1000x_01_05.mat,13108,26215,39323,52430,-59.8215194226026,-86.6365089755147,-86.8850824395642,-86.8391703516981,20655,32686,46409,-86.6879737573633,-86.7971680195017,-86.841307682986,-118.554
1000x_01_07.mat,13108,26215,39323,52430,-56.261912771066,-86.6099936458893,-86.7444500021591,-86.7906949768718,18765,33593,45060,-86.3814011911616,-86.6544845183711,-86.8702711799546,-116.6707
1000x_01_09.mat,13108,26215,39323,52430,-53.6651450508147,-86.605927031175,-86.8445394354074,-86.8282569330057,19513,32735,46023,-86.6143541730812,-86.7764710756887,-86.9745154412932,-117.4989
1000x_01_11.mat,13108,26215,39323,52430,-51.6556746519733,-86.4639621247704,-86.6734810384306,-86.8968679604652,19234,32525,44939,-86.3483003268627,-86.6674591126221,-86.8351026395652,-116.256
1000x_01_13.mat,13108,26215,39323,52430,-49.9769144579658,-86.2576264591247,-86.7235110217899,-86.8457912026394,19935,32381,46065,-86.4934131062871,-86.7307044700981,-86.8393650344999,-117.2427
1000x_01_15.mat,13108,26215,39323,52430,-48.8114276447344,-86.0174365550188,-86.8417098312591,-86.8811403376196,19501,32498,45020,-86.3757158542348,-86.702791664048,-86.7930140967397,-117.4798
1000x_01_17.mat,13108,26215,39323,52430,-47.7228339601677,-85.7198587166182,-86.7703395791105,-86.8226921756034,19771,32580,45749,-86.4334906100019,-86.7396246478457,-86.9178104504399,-116.646
1000x_01_19.mat,13108,26215,39323,52430,-46.5914508669702,-85.5665382653434,-86.7693939726266,-86.7884387784055,20574,33342,45217,-86.5128979702173,-86.802189840356,-86.8831243498398,-117.4752
1000x_01_21.mat,13108,26215,39323,52430,-45.5545583438203,-84.7836704416627,-86.683911691599,-86.845339704007,19574,33212,45190,-86.3217446675817,-86.6793061710683,-86.8452870011309,-116.0512
1000x_01_23.mat,13108,26215,39323,52430,-44.8201010362524,-83.9120006237383,-86.6501588890939,-86.7377765388442,19687,32564,46420,-86.2580550316745,-86.720151445848,-86.8539182703179,-116.6939
1000x_01_25.mat,13108,26215,39323,52430,-44.115196219425,-83.1178313298456,-86.6899159892018,-86.6724186878293,19812,32634,45515,-86.0896220350948,-86.8071957455842,-86.875146771918,-116.5126
1000x_01_27.mat,13108,26215,39323,52430,-43.3498738249095,-82.8586415561637,-86.5551200997338,-86.7578721100939,20337,32375,46688,-85.9769997204126,-86.7159872039252,-86.8720972430786,-116.6956
1000x_01_29.mat,13108,26215,39323,52430,-42.6557210904694,-82.5284516767135,-86.6443183670654,-86.7935546655531,19101,33226,45514,-85.0056303774995,-86.8259370305621,-86.8655233511419,-116.9146
1000x_01_31.mat,13108,26215,39323,52430,-42.0920409316637,-81.7415562478443,-86.491032744853,-86.7765284588574,20609,31849,45485,-86.0412667424884,-86.8054651586552,-86.9055447623347,-117.339
1000x_01_33.mat,13108,26215,39323,52430,-41.5170320040163,-81.0610550718754,-86.2946810603006,-86.6743678743376,20350,32377,45461,-85.585460295541,-86.6784578220924,-86.8070981968386,-116.8357
1000x_01_35.mat,13108,26215,39323,52430,-40.8158447592477,-81.0208942862646,-86.1258314530392,-86.6323886029103,19730,33360,45695,-84.9037158507979,-86.8119709149005,-86.7238348316293,-116.5195
1000x_01_37.mat,13108,26215,39323,52430,-40.1836804999809,-80.392277197146,-85.7775804095659,-86.5418473944955,19689,32806,45607,-83.9035314787597,-86.5888837855309,-86.8062439298794,-115.3355
1000x_01_39.mat,13108,26215,39323,52430,-39.9189498469225,-79.7722966145784,-85.4079968115464,-86.7168492556062,19710,33295,45383,-83.9829277052199,-86.6385977563859,-86.7427902405403,-115.8551
1000x_01_41.mat,13108,26215,39323,52430,-39.5077672369996,-79.3006469759689,-84.9911796740109,-86.5995673644162,20626,33404,46104,-82.8658821571913,-86.6642902268215,-86.8457767427614,-114.9171
1000x_01_43.mat,13108,26215,39323,52430,-39.1573865272955,-77.6770622609573,-84.4418386372677,-86.2755505288378,20329,32545,46810,-82.6783062905859,-86.6400228653549,-86.8457240345816,-115.8763
1000x_01_45.mat,13108,26215,39323,52430,-38.8821413722241,-77.0522788461903,-83.9350375415704,-86.3931182638564,20646,33028,45765,-81.6556062371072,-86.7139006968917,-86.8476877296391,-116.6814
1000x_01_47.mat,13108,26215,39323,52430,-38.4398086265235,-77.1108795409855,-83.1679634088944,-86.297561313984,19696,31952,45157,-81.0128588699476,-86.6000583751818,-86.8823349637697,-117.0047
1000x_01_49.mat,13108,26215,39323,52430,-38.0176347737905,-76.146057831577,-82.2860953784753,-85.8747839037856,19130,32436,46597,-79.214414769165,-86.6872249006853,-86.861635470915,-116.2706
1000x_01_51.mat,13108,26215,39323,52430,-37.6825633456061,-74.8937067268146,-81.241800394644,-85.4869582363611,19678,32475,45577,-78.7296252991334,-86.6088349638992,-86.7658975215048,-116.2185
1000x_01_53.mat,13108,26215,39323,52430,-37.4047867194404,-74.1160266147901,-80.1708106565526,-84.986449943574,19716,31772,46279,-77.1149160938203,-86.6215089047482,-86.7458514751383,-116.2788
1000x_01_55.mat,13108,26215,39323,52430,-37.0588756832513,-72.0688276105352,-78.8581485542357,-84.3427233608227,19638,32640,45319,-76.0974195032756,-86.5169648480854,-86.7121005889948,-115.0398
1000x_01_57.mat,13108,26215,39323,52430,-36.8581372181689,-71.976203977166,-77.7862355962254,-83.7491654411127,19705,33007,46464,-74.685116534424,-86.4935176209795,-86.7456340462768,-115.5421
1000x_01_59.mat,13108,26215,39323,52430,-36.6397219282235,-72.7608881426601,-76.5432960933177,-84.5487066640682,19140,32553,46844,-76.4997758806742,-86.5299755352714,-86.7652088252997,-116.304
1000x_01_61.mat,13108,26215,39323,52430,-36.3961639669882,-73.034330033188,-75.2969300862,-84.6498713634005,19683,32118,45048,-74.6602425408921,-86.4756846371994,-86.6571209997478,-115.7705
1000x_01_63.mat,13108,26215,39323,52430,-36.2953665292371,-72.5826349824641,-74.1137916919746,-84.662259815452,19700,33315,46824,-74.6468611933753,-86.5938208489732,-86.6869928487868,-115.6124
10000x_02_01.mat,13108,26215,39323,52430,-86.319070617266,-86.6453974721571,-86.7588956788452,-86.8612024507059,19813,33683,46464,-86.6005917621659,-86.7027072643117,-86.810903297015,-117.1161
10000x_02_03.mat,13108,26215,39323,52430,-86.2976238064094,-86.6203595467555,-86.8099626964956,-86.8832344424918,19989,33404,45047,-86.5786242323817,-86.7098355672728,-86.8591750861122,-117.67
10000x_02_05.mat,13108,26215,39323,52430,-59.6242823192044,-86.564134106983,-86.7700498707106,-86.9200006059849,20018,32702,46662,-86.4568757063854,-86.8395839466385,-86.8679517044636,-117.3292
10000x_02_07.mat,13108,26215,39323,52430,-56.1911605561294,-86.8223154449603,-86.7129175346894,-86.8934371742815,18744,33405,45938,-86.4568232480391,-86.7864418696761,-86.8545412554213,-117.3087
10000x_02_09.mat,13108,26215,39323,52430,-53.6792196873426,-86.6830085276281,-86.7280787901925,-86.8468333735176,19345,31991,45177,-86.442643941923,-86.6808210431908,-86.9529397979559,-117.1553
10000x_02_11.mat,13108,26215,39323,52430,-51.7554705032775,-86.3690171918609,-86.5811013788444,-86.827992601287,19212,32091,45234,-86.44030483327,-86.6138106917098,-86.9775026568759,-115.8795
10000x_02_13.mat,13108,26215,39323,52430,-50.0562749508226,-86.1152709524443,-86.8159859703904,-86.9888902066257,19754,33620,46561,-86.4806138213099,-86.7562437661233,-86.785361648208,-117.3477
10000x_02_15.mat,13108,26215,39323,52430,-48.7056829671507,-85.8563152208432,-86.7658810354794,-86.9096028115497,19558,33528,46542,-86.4791809053606,-86.6619905296988,-86.8587745923233,-117.3792
10000x_02_17.mat,13108,26215,39323,52430,-47.4849834436939,-85.7730836789044,-86.7654331890638,-86.847434344891,18861,33066,45480,-85.8398416925286,-86.7470979126622,-86.7985386251557,-117.0561
10000x_02_19.mat,13108,26215,39323,52430,-46.5679536834419,-85.4975790018145,-86.8220343101338,-86.8970968703342,19695,31799,46729,-86.4057980424314,-86.7947835232383,-86.8738503666154,-117.361
10000x_02_21.mat,13108,26215,39323,52430,-45.5979412182407,-84.9606145271535,-86.7604884273796,-86.7085654292859,18861,32029,45496,-85.5569196573133,-86.7145206604631,-86.8048921461673,-116.7911
10000x_02_23.mat,13108,26215,39323,52430,-44.8189488268065,-84.1355523336644,-86.740270601998,-86.8043284495912,20008,32423,46230,-86.381565080087,-86.6625794259764,-86.8107357969184,-116.491
10000x_02_25.mat,13108,26215,39323,52430,-44.1061067210527,-83.3887781502164,-86.7061016977361,-86.7111020069919,18883,32580,45531,-85.3321347985762,-86.6842064962192,-86.8498638072381,-116.274
10000x_02_27.mat,13108,26215,39323,52430,-43.2740684430925,-82.6906818961628,-86.6284061236499,-86.6930090661827,19104,32173,46485,-85.2627542927238,-86.72047319256,-86.8556869774371,-116.3428
10000x_02_29.mat,13108,26215,39323,52430,-42.6438007748088,-82.3305148612343,-86.5402671831113,-86.700057856375,18895,32018,45226,-84.9672282433973,-86.6176700421547,-86.8654502544344,-116.5999
10000x_02_31.mat,13108,26215,39323,52430,-42.0869678964163,-81.9238530367548,-86.4827271845307,-86.702702751003,19649,33339,44935,-85.5992407695308,-86.6754002036497,-86.7915793580303,-116.6638
10000x_02_33.mat,13108,26215,39323,52430,-41.5096016496312,-81.6256856578089,-86.3527950509959,-86.6835998316646,18801,32748,45697,-84.3867075161026,-86.7249057529181,-86.8611345757766,-116.5345
10000x_02_35.mat,13108,26215,39323,52430,-40.8498531719362,-81.3472683751127,-86.072950073535,-86.7716934886099,19710,32786,46487,-85.3226925671611,-86.718467422771,-86.8243525923646,-116.4527
10000x_02_37.mat,13108,26215,39323,52430,-40.3689757935476,-80.6322066631344,-85.9794234117698,-86.724706154172,19097,33532,45135,-83.7408378867353,-86.8559067138746,-86.921935521696,-117.1866
10000x_02_39.mat,13108,26215,39323,52430,-39.9528973435944,-80.0587826112227,-85.4737391061958,-86.6420541424204,19694,32387,46865,-84.7893037624476,-86.4057192214194,-86.8553265402509,-116.7233
10000x_02_41.mat,13108,26215,39323,52430,-39.5238239127204,-79.5249714282009,-85.1033269053065,-86.563588568671,19095,32397,46634,-82.5354843816182,-86.5873883336275,-86.812959169671,-116.0994
10000x_02_43.mat,13108,26215,39323,52430,-39.2116038000455,-78.7625726950494,-84.5477555135604,-86.4224224260064,19697,31926,45722,-83.2997979750459,-85.6696086292356,-86.7363572008915,-116.6208
10000x_02_45.mat,13108,26215,39323,52430,-38.784286327938,-78.5862525454769,-83.9494466197688,-86.5170777151349,18827,32276,46776,-81.8558340726813,-86.556702670826,-86.8170372305153,-116.9507
10000x_02_47.mat,13108,26215,39323,52430,-38.4142771653789,-77.5061182505506,-82.9212119941432,-85.9080647517867,19704,33444,45764,-81.645413153948,-85.9073611909158,-86.3479118349155,-115.7682
10000x_02_49.mat,13108,26215,39323,52430,-37.951393457934,-75.1301563186761,-82.2843855833608,-85.9587739438644,20313,32305,46338,-78.8918870934594,-86.5505845848058,-86.7496242538589,-115.1709
10000x_02_51.mat,13108,26215,39323,52430,-37.6948483880396,-75.6626523804992,-81.4265249403181,-85.8729070259302,19723,33546,46049,-80.518489225477,-86.5641891891791,-86.8627535648967,-115.4653
10000x_02_53.mat,13108,26215,39323,52430,-37.3670581755029,-73.2626882838754,-80.2126934826596,-84.6122539190809,18825,33009,45007,-77.6339826970387,-86.4779571698809,-86.8019935844939,-115.4688
10000x_02_55.mat,13108,26215,39323,52430,-36.9441324366805,-73.0091135594365,-78.9851926042325,-84.3794528772956,19678,32566,45044,-76.2936265958348,-86.5834679650591,-86.6997506982015,-115.4283
10000x_02_57.mat,13108,26215,39323,52430,-36.7586006620799,-73.9427032378056,-78.0128726705753,-85.0025999924484,20319,33404,45241,-77.4842024468382,-86.6634703001243,-86.6756352251505,-115.2494
10000x_02_59.mat,13108,26215,39323,52430,-36.645335089214,-73.145916090297,-76.7126215889904,-84.4557878303122,19676,32986,46175,-75.3965576440072,-86.685973496332,-86.8271174947272,-115.819
10000x_02_61.mat,13108,26215,39323,52430,-36.3486436799177,-72.668999482716,-75.3339292850009,-84.5487954414156,19703,32694,45590,-74.3687798874975,-86.4938247280858,-86.6216271796517,-115.352
10000x_02_63.mat,13108,26215,39323,52430,-36.1527635012985,-72.3394237247257,-74.1125442011311,-83.9903924952791,19668,32929,45885,-73.8409906086357,-86.4071006930539,-86.5111809887209,-114.3881
100x_01.mat,13108,26215,39323,52430,-86.3594545402933,-86.6854659327543,-86.7983033170921,-86.9129033333956,20385,33039,46514,-86.6639292252903,-86.6254030374382,-86.8655303797363,-116.1011
100x_03.mat,13108,26215,39323,52430,-86.3163507270412,-86.5882568814524,-86.7778259799145,-86.9193852395489,20341,32509,46851,-86.4881231324703,-86.6102357580287,-86.8650135740938,-116.4443
100x_05.mat,13108,26215,39323,52430,-59.6843187026884,-82.5595461435188,-86.7151669648817,-85.9966642952447,19708,33290,45185,-86.4619650450853,-86.6547295699954,-86.9104378859143,-116.9644
100x_07.mat,13108,26215,39323,52430,-55.9055329737597,-82.945516046675,-86.7151167234855,-85.8457491534053,18707,33050,46658,-86.4936109551559,-86.6865000044922,-86.8493446609572,-117.5037
100x_09.mat,13108,26215,39323,52430,-53.4130675551074,-84.7089728543289,-86.6603695770093,-85.8725502386708,19016,32459,44930,-86.4482435386929,-86.748382564392,-86.9080017546725,-117.2014
100x_11.mat,13108,26215,39323,52430,-51.6083390253051,-85.9768305518043,-86.6354076348671,-85.5711143602352,20096,33091,44890,-86.4624057245085,-86.6036761114208,-86.755755793152,-116.8491
100x_13.mat,13108,26215,39323,52430,-49.9693578171875,-86.0822537120696,-86.7131826453316,-86.1379859644494,19905,33316,45492,-86.5289498787363,-86.7005860748999,-86.8964030981723,-116.1422
100x_15.mat,13108,26215,39323,52430,-48.5060776985258,-85.4032352785983,-86.7904467376577,-86.6652561764913,18703,32656,45564,-85.889354374487,-86.7267279692041,-86.8718677700506,-116.9224
100x_17.mat,13108,26215,39323,52430,-47.2623232674913,-84.2565061053095,-86.7548873551683,-86.5410767848108,19047,33680,44988,-86.00354251244,-86.7764605172683,-86.7413574238351,-116.8268
100x_19.mat,13108,26215,39323,52430,-46.2899334429924,-83.6683414359165,-86.684624469994,-86.2985275803056,20595,32311,45313,-86.3440778612513,-86.7402000385544,-86.7837087118788,-116.8779
100x_21.mat,13108,26215,39323,52430,-45.4547686837803,-81.134113143481,-86.6984708808167,-86.1375540198646,18837,33706,45350,-85.6443115507456,-86.7658430262703,-86.7433214045849,-116.6573
100x_23.mat,13108,26215,39323,52430,-44.5606829291785,-81.8871468042367,-86.6435667593409,-86.4500648355265,19501,33474,45477,-86.0171046951397,-86.8662586037565,-86.8859118703591,-117.2568
100x_25.mat,13108,26215,39323,52430,-43.746247924426,-81.4756315060563,-86.6005247545833,-86.2439242682546,20305,32605,45976,-86.1322469871195,-86.7564585281578,-86.8699587805022,-118.2063
100x_27.mat,13108,26215,39323,52430,-43.355424018446,-79.1405746076396,-86.5347162169441,-85.7688332922717,20245,31955,45080,-85.6858270089058,-86.6497451107921,-87.0185170902288,-118.3707
100x_29.mat,13108,26215,39323,52430,-42.9329815604398,-80.0763856939741,-86.4249127964651,-85.9802633291367,19704,32198,46501,-84.8161672482552,-86.6753504201932,-86.753713572466,-117.3755
100x_31.mat,13108,26215,39323,52430,-42.1356287278712,-79.2507479856655,-86.4381457610392,-85.9173807592737,20347,33365,45575,-83.9889918694533,-86.8448905840661,-86.8883186810933,-118.4902
100x_33.mat,13108,26215,39323,52430,-41.5361056500034,-79.7257376013865,-85.9334332362704,-86.0597462404414,20343,33270,46103,-82.825517566137,-86.7860963352017,-86.7769416400559,-117.1991
100x_35.mat,13108,26215,39323,52430,-40.8085091592958,-78.6593422863314,-85.6754381335541,-86.1889807539509,19697,32595,46546,-80.5894670717232,-86.6970598210551,-86.7553578707634,-116.9024
100x_37.mat,13108,26215,39323,52430,-40.4938722912741,-78.2799779382605,-85.418314509344,-86.1837278873106,19719,33696,45486,-80.2071545448863,-86.6592518923225,-86.8473312219978,-117.3012
100x_39.mat,13108,26215,39323,52430,-40.1519372231905,-76.9062188067712,-85.0275545749016,-85.862339616213,19702,33751,45693,-78.484112795752,-86.6491053480265,-86.8723877385958,-117.4386
100x_41.mat,13108,26215,39323,52430,-39.8304630866325,-75.0776580252976,-84.4546569686455,-85.6728510239766,19718,32259,45298,-77.4270686495154,-86.6440903775188,-86.7411484160253,-116.5893
100x_43.mat,13108,26215,39323,52430,-39.2335895107944,-75.002374995608,-83.8041533627743,-85.6151129773255,19676,32003,46301,-76.5897985420168,-86.4706224172111,-86.7345282128307,-116.3083
100x_45.mat,13108,26215,39323,52430,-38.7750688559831,-74.1959270278323,-83.0365040523055,-85.5082569996313,19680,32059,45043,-75.2663383860348,-86.3471079250132,-86.6313335916821,-115.3918
100x_47.mat,13108,26215,39323,52430,-38.3911759298596,-71.8618976604701,-81.9975025614187,-84.876317726287,19700,32340,45898,-74.4549551496798,-86.4208613821983,-86.5354848301728,-115.7208
100x_49.mat,13108,26215,39323,52430,-38.0952700124886,-70.3240038277204,-81.2453983236632,-84.3035061970124,19707,32825,44991,-72.503503024721,-86.2933012046638,-86.5265625334939,-116.2882
100x_51.mat,13108,26215,39323,52430,-37.9134596657556,-70.6234389010755,-80.3365069511823,-83.9927404507299,19641,32611,45950,-71.9570543139853,-86.2209818819943,-86.3865085452515,-116.0728
100x_53.mat,13108,26215,39323,52430,-37.5458914004254,-69.8358197499045,-79.2531150235098,-83.6603787410238,20317,32106,45117,-71.8130912085948,-86.0695053020243,-86.3867997841794,-115.8099
100x_55.mat,13108,26215,39323,52430,-37.2156305676772,-68.8977758906012,-78.1690561915852,-82.9578126357937,19698,32316,45895,-69.7732595943257,-85.7809756357024,-86.2484150469454,-115.557
100x_57.mat,13108,26215,39323,52430,-36.9860810384974,-68.7015450250529,-77.1185983738721,-82.845726315195,19124,32694,45970,-70.3133500523739,-85.9952432492843,-86.2632652432488,-116.157
100x_59.mat,13108,26215,39323,52430,-36.8742603836392,-68.7786697491273,-75.8010840125698,-82.3665511013211,19704,32384,45894,-68.580756027322,-85.4346082484218,-86.0226023450609,-115.0737
100x_61.mat,13108,26215,39323,52430,-36.5725216807064,-68.7002165921439,-74.6049959016162,-82.4225607382287,19687,32626,45620,-68.5603630395254,-85.7556497535774,-86.0341768838899,-115.446
100x_63.mat,13108,26215,39323,52430,-36.2894738712045,-67.9113027565131,-73.2718926975236,-82.3669781683262,19695,32297,45603,-68.4194041926719,-85.6525149118484,-86.0568914454094,-116.1133
100x_02_01.mat,13108,26215,39323,52430,-86.3102030745412,-86.718142201111,-86.7247542384857,-86.8700830808958,20096,32170,46576,-86.5220662538901,-86.6198666783128,-86.856734799361,-116.7034
100x_02_03.mat,13108,26215,39323,52430,-86.2529674441208,-86.5409093735859,-86.9088265825676,-86.8524048775997,19984,32059,46453,-86.6379093881058,-86.6063640239774,-86.8111388260351,-116.9793
100x_02_05.mat,13108,26215,39323,52430,-59.785457949049,-86.2493387248429,-86.663900149645,-86.7894437930731,18865,33404,44923,-86.5055928665763,-86.6590838846287,-86.7630179958636,-116.7948
100x_02_07.mat,13108,26215,39323,52430,-56.1574806300024,-86.2063920735811,-86.8135804735061,-86.8745757612291,19596,33390,46698,-86.6321243820199,-86.8397357943055,-86.792351957071,-118.085
100x_02_09.mat,13108,26215,39323,52430,-53.5531416781054,-86.0869476785951,-86.8305288049896,-86.9163182481144,20148,32615,46311,-86.4739227861384,-86.7566778705592,-86.9115752465554,-117.4897
100x_02_11.mat,13108,26215,39323,52430,-51.4710883547499,-86.3018149063567,-86.6710066569143,-86.971187945045,19220,32400,45666,-86.4634119393183,-86.6794089716984,-86.9029648558443,-118.0777
100x_02_13.mat,13108,26215,39323,52430,-49.5964222854236,-86.0102226833424,-86.7227877522718,-86.7878086336079,18928,33512,45749,-86.2017868654755,-86.666874030563,-86.845008106293,-116.8461
100x_02_15.mat,13108,26215,39323,52430,-48.4098310033402,-85.9269361159658,-86.6616507321888,-86.9765627721994,20157,31967,45676,-86.4927116756413,-86.8105067671869,-86.7664498395242,-117.8497
100x_02_17.mat,13108,26215,39323,52430,-47.2626605843452,-85.9755606611099,-86.74819875883,-86.9524005349194,19839,33735,45504,-86.4066352351533,-86.6360382715471,-87.0045994817479,-118.463
100x_02_19.mat,13108,26215,39323,52430,-46.3327867574459,-85.7649685466711,-86.7348373859512,-86.7631145595017,19601,32514,46476,-86.3292697695825,-86.6175430236234,-86.9194307841152,-116.5814
100x_02_21.mat,13108,26215,39323,52430,-45.3878396013738,-84.8230246599213,-86.5915599160914,-86.7126271078177,19912,31827,45376,-86.2580595131699,-86.6466938216103,-86.7034163633604,-115.6138
100x_02_23.mat,13108,26215,39323,52430,-44.6829552576994,-83.8637015825482,-86.5563884669125,-86.8625887356343,20342,33404,44915,-86.3065431275124,-86.687294158887,-86.8230355300227,-116.7053
100x_02_25.mat,13108,26215,39323,52430,-44.0109986166922,-82.1907668406394,-86.5746767058733,-86.6531943197638,18850,32771,45491,-85.3400110671826,-86.7393738486956,-86.9323924225283,-116.9544
100x_02_27.mat,13108,26215,39323,52430,-43.4480960437052,-81.8054303125765,-86.2951104290197,-86.4234414260697,19118,33405,46015,-85.1797442025904,-86.4563524307592,-86.8037717555231,-115.63
100x_02_29.mat,13108,26215,39323,52430,-42.8137303651977,-80.7658884285096,-86.3528437693199,-86.5273119327416,19385,33167,46180,-85.5047758144499,-86.5920108645855,-86.7798313342903,-116.515
100x_02_31.mat,13108,26215,39323,52430,-42.161942106841,-81.4808715385388,-86.2465963173185,-86.5411950636445,20336,32926,45382,-85.4086128910362,-86.5835676437153,-86.8325186565275,-116.811
100x_02_33.mat,13108,26215,39323,52430,-41.6900624689413,-80.7890764332487,-86.1372235518236,-86.5321872672808,19726,33598,46809,-84.9118388196448,-86.7082418520781,-86.8214600351498,-116.112
100x_02_35.mat,13108,26215,39323,52430,-41.0522474208794,-80.7152915547028,-85.741253362335,-86.5775199313712,18814,32989,46769,-82.6803060844808,-86.7112819880533,-86.8503816147587,-116.0238
100x_02_37.mat,13108,26215,39323,52430,-40.4635318392972,-80.2099858804398,-85.4155844615481,-86.3479550914002,19710,33641,46086,-82.9572745598343,-86.4343340071866,-86.6760882604938,-115.7508
100x_02_39.mat,13108,26215,39323,52430,-39.8722543213171,-80.2677470380729,-85.3227152315501,-86.478234462557,19679,32426,46771,-82.1901319252551,-86.6629532846404,-86.7994638324238,-115.6302
100x_02_41.mat,13108,26215,39323,52430,-39.5133833036223,-79.4505702057129,-84.8237999848523,-86.3283421857893,19121,33197,46140,-80.881343237313,-86.6474161140148,-86.8001159797061,-114.8032
100x_02_43.mat,13108,26215,39323,52430,-39.150864021247,-78.0759371577413,-84.1897598527353,-86.4892646576076,19707,32373,46745,-80.2292531804049,-86.5914072641364,-86.8523567604556,-117.1044
100x_02_45.mat,13108,26215,39323,52430,-38.8633072132519,-76.8187958917563,-83.611344942376,-86.3105642905678,19690,33666,45235,-79.0369683652957,-86.6544528278228,-86.8265880572683,-117.57
100x_02_47.mat,13108,26215,39323,52430,-38.4798013925965,-75.8720554825273,-82.8290204287964,-86.2757464696483,20333,33541,46445,-77.9891648674105,-86.63090517755,-86.8828072609585,-116.6629
100x_02_49.mat,13108,26215,39323,52430,-38.0751755511366,-74.4937456573828,-81.7990072655962,-85.8960079918906,19066,32746,46510,-76.5681126632697,-86.6465392194125,-86.7203209263562,-115.7011
100x_02_51.mat,13108,26215,39323,52430,-37.7310745013696,-73.8399049709583,-80.8556604515207,-85.4764004736354,20315,32580,45202,-74.3905803101665,-86.5329432801952,-86.6535678176098,-116.3367
100x_02_53.mat,13108,26215,39323,52430,-37.1211646178248,-73.1559883456265,-79.8332312710871,-85.2932331673426,19678,33510,46255,-74.4993412650459,-86.5062243420299,-86.7275059108973,-116.9792
100x_02_55.mat,13108,26215,39323,52430,-36.8660819815139,-72.479299295041,-78.6564410330228,-84.8551482347399,19682,32005,45278,-73.1117051197684,-86.5188532706044,-86.6061803933626,-116.1259
100x_02_57.mat,13108,26215,39323,52430,-36.6278081832194,-72.6906973057835,-77.5856028037561,-84.7648808848759,19708,32641,45922,-73.1541187508461,-86.4107341593341,-86.5068813637471,-116.3903
100x_02_59.mat,13108,26215,39323,52430,-36.4918914336375,-71.3726307036524,-76.201436433879,-83.9715384173766,19662,32672,45787,-71.9233154884927,-86.2950783789794,-86.4808419652609,-116.0557
100x_02_61.mat,13108,26215,39323,52430,-36.2276263227849,-72.254314625538,-75.0210946006209,-84.874035568275,19671,32961,45909,-71.5413735132933,-86.3493436870686,-86.6149432793361,-116.6786
100x_02_63.mat,13108,26215,39323,52430,-36.0166427773028,-71.3102999473786,-73.7487526389283,-84.4538334863902,19711,32318,45919,-71.4861474469483,-86.2377881935673,-86.4659955964283,-116.2772
1m_x_01_01.mat,13108,26215,39323,52430,-86.4350825108719,-86.8145649266858,-86.8147867604428,-86.9537822914282,19552,33694,46755,-86.5496355253581,-86.8516252586626,-86.848828844149,-118.0014
1m_x_01_03.mat,13108,26215,39323,52430,-86.4640945555893,-86.6156673880087,-86.8284436937608,-86.9386037596169,19779,33138,45924,-86.611123912644,-86.7342477027349,-87.018559803325,-117.9662
1m_x_01_05.mat,13108,26215,39323,52430,-59.5143632526751,-86.5951190630182,-86.6824222455929,-86.9779166552673,19388,33627,46852,-86.6087642956255,-86.7273320646944,-86.8398829891363,-117.2227
1m_x_01_07.mat,13108,26215,39323,52430,-56.1057462875895,-86.6345580422929,-86.7459294239847,-86.9465355950194,20065,32580,46434,-86.5773291850154,-86.8096472037291,-86.9053863401861,-118.1008
1m_x_01_09.mat,13108,26215,39323,52430,-53.7219864493348,-86.6317860251269,-86.8533790140403,-86.8812207529224,20343,31871,45336,-86.6255985673509,-86.7886275174309,-86.8139189409366,-118.008
1m_x_01_11.mat,13108,26215,39323,52430,-51.702843171383,-86.1442444685436,-86.2221433804792,-86.6765574934521,19079,33706,44956,-86.0854689878537,-84.999486649417,-86.4591640186442,-118.5241
1m_x_01_13.mat,13108,26215,39323,52430,-49.9974243634363,-85.8776408654604,-86.6259843324506,-86.9084214840028,19674,32580,46556,-86.3695990198137,-86.386313837323,-86.8025717565961,-118.4542
1m_x_01_15.mat,13108,26215,39323,52430,-48.6068283225385,-82.9562805141039,-84.0741019746315,-84.583087838957,20528,32529,46475,-83.9383137596372,-81.7273950717719,-84.762631695084,-115.4404
1m_x_01_17.mat,13108,26215,39323,52430,-47.3543186327957,-85.5489130674109,-86.746707621625,-86.84095868761,19657,33079,45150,-86.4764214519093,-86.5525282329427,-86.9316144887329,-118.9056
1m_x_01_19.mat,13108,26215,39323,52430,-46.4800215853623,-85.2199756571483,-86.7541195649133,-86.8003855440586,20159,33182,46775,-86.3997431084468,-86.8414004114398,-87.0205148624505,-117.734
1m_x_01_21.mat,13108,26215,39323,52430,-45.7324655337263,-84.4525598437615,-86.6765494182689,-86.9906033527947,18889,33226,45393,-85.7381434845824,-86.7165114775744,-86.9075536780488,-117.7169
1m_x_01_23.mat,13108,26215,39323,52430,-44.927717352111,-84.0403275002537,-86.7225877974397,-86.9301104028164,19357,32249,45821,-86.1496317557954,-86.7256647655489,-86.9132325760822,-117.7828
1m_x_01_25.mat,13108,26215,39323,52430,-43.949250549428,-83.2820394287933,-86.7720589743871,-86.929287704621,19889,32524,46765,-86.2694047674043,-86.6931720866617,-86.8902550809559,-117.3912
1m_x_01_27.mat,13108,26215,39323,52430,-43.1941169305471,-82.7583433289523,-86.6819047658351,-86.8598437497503,18688,31797,45133,-84.8838150299568,-86.7393306089266,-86.8160137659725,-116.2294
1m_x_01_29.mat,13108,26215,39323,52430,-42.4793974441654,-82.1797552183528,-86.5069029354165,-86.8643970487176,19959,32623,45401,-85.9966090556229,-86.7938653041613,-86.7652994851803,-116.5774
1m_x_01_31.mat,13108,26215,39323,52430,-41.9954203444898,-81.2442947445878,-86.4231595690758,-86.9036190246346,19385,33283,46131,-85.7508196728936,-86.7538167795466,-86.9372735079482,-117.5714
1m_x_01_33.mat,13108,26215,39323,52430,-41.5446352935815,-80.7151091865758,-86.3201057381809,-86.803116287765,19689,33665,45317,-85.7307514182477,-86.8533949010496,-86.8823391972813,-117.3899
1m_x_01_35.mat,13108,26215,39323,52430,-40.8418312169662,-80.3230133782537,-86.0877542001463,-86.8510064277514,19700,32221,45219,-85.7518315247486,-86.7388422570041,-86.7970739244465,-116.9812
1m_x_01_37.mat,13108,26215,39323,52430,-40.405926905314,-79.6970274899604,-85.7846979258755,-86.8503167103417,18840,32642,45511,-83.8875044866656,-86.7477426992222,-86.9155536160661,-117.3626
1m_x_01_39.mat,13108,26215,39323,52430,-39.9287208884559,-79.148563814939,-85.4181167388976,-86.9508672520502,19414,32626,46091,-84.4674808747835,-86.8295709329098,-87.0202108893471,-117.1696
1m_x_01_41.mat,13108,26215,39323,52430,-39.3260714956599,-78.5929669908315,-85.0153649181687,-86.7373716163056,20352,32669,45421,-84.9101762093924,-86.7156467768635,-86.8160434147895,-116.8185
1m_x_01_43.mat,13108,26215,39323,52430,-38.9705635373789,-78.2716024098793,-84.5526649281964,-86.7496297286617,18832,33320,46101,-83.2585207314218,-86.7639745740002,-86.8552970895071,-117.366
1m_x_01_45.mat,13108,26215,39323,52430,-38.6688578809788,-77.9279843838454,-83.8278468238047,-86.6715129814369,20014,33404,46238,-84.8626578004144,-86.661782624118,-86.8488722544243,-116.6035
1m_x_01_47.mat,13108,26215,39323,52430,-38.3338408957662,-77.7206720242351,-83.2343114618182,-86.8370708471112,19071,32402,46201,-83.0540645410686,-86.8511568072285,-87.0292838798807,-118.4004
1m_x_01_49.mat,13108,26215,39323,52430,-38.005759459415,-76.8362774995719,-82.4197464516753,-86.7154380974027,19705,32360,46861,-84.7607123720756,-86.7257287409953,-86.8977945298792,-117.6581
1m_x_01_51.mat,13108,26215,39323,52430,-37.670207620663,-73.5210896036671,-81.5023838297335,-86.0118907719406,20345,33164,45912,-79.1781633630129,-86.7431009135101,-86.9884578079249,-118.4941
1m_x_01_53.mat,13108,26215,39323,52430,-37.2484502166809,-75.3500565932258,-80.1947630883479,-86.1675895174567,19721,33279,44899,-80.3120667521718,-86.7276325552018,-86.8706535011535,-117.2978
1m_x_01_55.mat,13108,26215,39323,52430,-36.9363233954383,-73.9252316902794,-79.1313275104463,-85.6862480670728,19703,33197,46269,-80.631780586948,-86.7864022997539,-86.9371001097416,-117.4818
1m_x_01_57.mat,13108,26215,39323,52430,-36.7452893835397,-75.4677852935911,-78.0713798941452,-85.8810625879065,18782,32227,45486,-80.790795279095,-86.6277127146786,-86.8124194204597,-117.6743
1m_x_01_59.mat,13108,26215,39323,52430,-36.5138145046565,-73.3006663251648,-76.8303772788912,-85.5149674948112,19681,32437,45644,-77.2364499397499,-86.7153846843152,-86.9275610208385,-117.732
1m_x_01_61.mat,13108,26215,39323,52430,-36.3575824968764,-73.0732776206467,-75.7022846963843,-85.1132887987109,19679,32989,45326,-76.19750536669,-86.5723884856627,-86.8156769881495,-117.0131
1m_x_01_63.mat,13108,26215,39323,52430,-36.1611891734291,-73.3446744622196,-74.4874864130154,-85.2086795925393,19694,32964,46103,-77.0391141512639,-86.7281505189139,-86.8374679476786,-117.4399
1m_x_02_01.mat,13108,26215,39323,52430,-86.4133508381378,-86.6817619307192,-86.9017409173669,-86.8646369022922,19815,33381,46297,-86.6195881637397,-86.77715696895,-86.9358327028905,-117.8259
1m_x_02_03.mat,13108,26215,39323,52430,-86.3956440266948,-86.6910424946835,-86.837481448805,-86.860747942963,19349,33671,45333,-86.6696985517898,-86.7892568602336,-86.75750278855,-117.6372
1m_x_02_05.mat,13108,26215,39323,52430,-59.6212676045336,-86.7393797657501,-86.7664241913612,-86.9467910089902,19075,32366,46514,-86.5546171313282,-86.8102453641727,-86.8903606419183,-117.922
1m_x_02_07.mat,13108,26215,39323,52430,-56.1377502774776,-86.6039139009914,-86.9074230963069,-86.8551465666022,19868,33197,46857,-86.576569352235,-86.7813430814222,-86.8059467324541,-117.2673
1m_x_02_09.mat,13108,26215,39323,52430,-53.6014867985377,-86.6738078643639,-86.9055929994798,-86.850256476175,19857,32954,45424,-86.540839367169,-86.8022988239117,-86.9179048268334,-118.3134
1m_x_02_11.mat,13108,26215,39323,52430,-51.6849383438785,-86.3960763450448,-86.6816990488242,-86.9417056096917,18703,32357,45954,-86.3569297250101,-86.7657926531324,-86.8640747663351,-117.5809
1m_x_02_13.mat,13108,26215,39323,52430,-49.9865167986472,-85.9266394102867,-86.6689949362934,-86.8309043893998,20109,32205,46115,-86.5300024267774,-86.7147922052254,-86.8596823064843,-117.7072
1m_x_02_15.mat,13108,26215,39323,52430,-48.6536163223224,-85.5341063815285,-86.7492798113916,-86.9046855688404,19062,33767,44977,-86.1691116072703,-86.6502971212337,-86.8265583363769,-116.6061
1m_x_02_17.mat,13108,26215,39323,52430,-47.4330828112669,-85.4039678170946,-86.7275989645963,-86.7847190715011,19684,33198,46656,-86.3035296967023,-86.7045915290363,-86.8719700694119,-117.6971
1m_x_02_19.mat,13108,26215,39323,52430,-46.4969235769404,-85.0367036384408,-86.8670263234478,-86.8658049723939,19444,33196,45010,-86.2388479248419,-86.6761595842248,-86.8430880423902,-117.7356
1m_x_02_21.mat,13108,26215,39323,52430,-45.5535298372333,-84.6794969033654,-86.8165233831746,-86.9449580902445,19088,33425,46422,-85.7956389425113,-86.6956915760478,-86.9062433074097,-118.1338
1m_x_02_23.mat,13108,26215,39323,52430,-44.5624827575066,-84.0534091906636,-86.804136717022,-87.0251329166584,19937,32557,46537,-86.4903480306273,-86.8321838513554,-87.0451763553334,-118.4891
1m_x_02_25.mat,13108,26215,39323,52430,-43.8485837272802,-83.2513446043159,-86.6929685371791,-87.0019373484555,18898,32180,45880,-85.3974385623423,-86.8700375818484,-86.8187668731194,-118.0659
1m_x_02_27.mat,13108,26215,39323,52430,-43.2285348180008,-82.5403314979071,-86.5172018290315,-86.7806211450335,18892,32686,46183,-85.1269404154403,-86.7098211009767,-86.7878362494334,-116.2056
1m_x_02_29.mat,13108,26215,39323,52430,-42.5728213294521,-82.0879446032402,-86.6433321312016,-86.8489137979973,18814,31950,45030,-84.7421825921366,-86.8112517364209,-86.8838762347006,-117.5111
1m_x_02_31.mat,13108,26215,39323,52430,-42.0153452613598,-81.3895433226642,-86.4439938374356,-86.8811948881889,19694,32557,46585,-85.7028292466917,-86.7252573412015,-86.9405369717674,-115.9116
1m_x_02_33.mat,13108,26215,39323,52430,-41.5145287270704,-80.6907408641736,-86.2341020352399,-86.8148844820394,18861,33344,45458,-84.4089878079496,-86.6416371302873,-86.8467451944973,-116.8993
1m_x_02_35.mat,13108,26215,39323,52430,-40.7900538053973,-80.1931533248548,-86.0536560495639,-86.787449643854,18866,33123,45021,-84.1916682434023,-86.7744938853681,-86.7769049112464,-117.2651
1m_x_02_37.mat,13108,26215,39323,52430,-40.3465868994807,-79.7539006356169,-85.6840592958262,-86.8049221812346,19472,32057,46768,-85.2468042991883,-86.6641779418413,-86.7958536409059,-116.6998
1m_x_02_39.mat,13108,26215,39323,52430,-39.9547363412386,-79.00593775365,-85.4034802251856,-86.860246682168,20657,33290,45171,-85.5640881230569,-86.6051454092747,-86.8232902794238,-116.2053
1m_x_02_41.mat,13108,26215,39323,52430,-39.411775459844,-78.6334894667263,-84.9500855614107,-86.9495303729729,20337,32549,45558,-85.1275181991463,-86.7329267755778,-86.9202013187529,-117.5341
1m_x_02_43.mat,13108,26215,39323,52430,-38.9241066258673,-78.0666020092911,-84.4107332915488,-86.7487346900728,18856,33284,45046,-83.5283906320754,-86.6815607118598,-86.7996138222426,-116.9133
1m_x_02_45.mat,13108,26215,39323,52430,-38.6890521375279,-77.5728525621525,-83.8244662827002,-86.6690625608389,19928,31937,46395,-84.2622273588461,-86.6630713519577,-86.919855889768,-116.5887
1m_x_02_47.mat,13108,26215,39323,52430,-38.4487337011476,-77.4177229362114,-83.1064598701928,-86.7683367689439,19786,32688,46233,-83.9997279983631,-86.837872068533,-86.7703918386958,-117.0872
1m_x_02_49.mat,13108,26215,39323,52430,-38.0377119170594,-76.8190625385314,-82.333447817346,-86.688381297594,19097,33079,45018,-82.5637428664175,-86.7739887171897,-86.7433783514127,-117.0959
1m_x_02_51.mat,13108,26215,39323,52430,-37.5877998750079,-76.2728561145702,-81.5368763393424,-86.3191520130469,19726,33599,46781,-83.5454335554754,-86.6808385566576,-86.8745959519384,-117.3728
1m_x_02_53.mat,13108,26215,39323,52430,-37.2677214623246,-75.0849778734477,-80.1609794482807,-85.664328104944,19745,32616,44991,-81.5337411677585,-86.7081239060468,-86.740073027245,-116.9316
1m_x_02_55.mat,13108,26215,39323,52430,-36.9710154198802,-73.5153887733379,-79.0648683296721,-85.5764978930065,19708,33160,45640,-77.9902268878947,-86.647518608172,-86.7326390976509,-116.4682
1m_x_02_57.mat,13108,26215,39323,52430,-36.6441653011156,-75.5707742897022,-77.9924726998621,-86.1196621541116,18816,32593,45586,-80.8403375971616,-86.6274416808707,-86.7786627330422,-117.0185
1m_x_02_59.mat,13108,26215,39323,52430,-36.4594273039693,-74.2665287365979,-76.8148792948662,-85.370453076192,19718,33330,46668,-78.9816851966947,-86.5446082735415,-86.7652743016903,-116.0394
1m_x_02_61.mat,13108,26215,39323,52430,-36.4056191430846,-75.4710243755451,-75.6823756567985,-86.1515347479604,19676,32015,44889,-81.7638947625314,-86.718112307306,-86.9421982387782,-117.0201
1m_x_02_63.mat,13108,26215,39323,52430,-36.2258818196171,-74.3831020959588,-74.5249522310985,-85.2302328608407,19718,33190,46562,-79.7595450059517,-86.6744463442732,-86.7514536783399,-116.7241
ambient01_01.mat,13108,26215,39323,52430,-86.4079461495301,-86.703810909077,-86.8955391056365,-87.0329508234485,20625,32064,45261,-86.7392973828703,-86.7823988594705,-86.8885673965427,-118.0726
ambient01_03.mat,13108,26215,39323,52430,-86.4421721089168,-86.7824930968054,-86.8747964554726,-86.9536813939815,19652,32631,46433,-86.5762558996606,-86.8224374612825,-86.8877958598297,-118.0983
ambient01_05.mat,13108,26215,39323,52430,-61.6032395177292,-86.6207408607184,-86.7095629761076,-86.869173190503,18912,33477,45913,-86.5874476671463,-86.8555373760112,-86.8826477843514,-117.2255
ambient01_07.mat,13108,26215,39323,52430,-58.0556808918577,-86.6130665553686,-86.7621828786248,-86.9282982954855,19408,32878,45228,-86.4545229543346,-86.7928583442997,-87.0289559383464,-118.3511
ambient01_09.mat,13108,26215,39323,52430,-55.4559697420171,-86.8183881652366,-86.7450902938639,-86.8594839032701,20287,32121,45601,-86.6298185714555,-86.8036599633268,-86.9329439597049,-118.3778
ambient01_11.mat,13108,26215,39323,52430,-53.5846772092901,-86.6609126584059,-86.8673460123264,-86.9022904656057,20252,33054,46075,-86.5588202124273,-86.7351443075093,-86.8754337143476,-116.9799
ambient01_13.mat,13108,26215,39323,52430,-52.013106196949,-86.7636175489035,-86.7537501056655,-86.9822681887748,20400,32677,46292,-86.6567391577802,-86.6627811088894,-87.0705769623908,-119.0652
ambient01_15.mat,13108,26215,39323,52430,-50.5551622028674,-86.5167905802028,-86.7910698956432,-86.9003793957936,18821,32729,46080,-86.1130523885147,-86.6840235891671,-87.0114412552162,-117.2194
ambient01_17.mat,13108,26215,39323,52430,-49.325905976862,-86.3806048879981,-86.7175688194569,-86.8461396536122,20059,32756,45613,-86.501649516625,-86.7669472606394,-86.8833967636722,-117.8827
ambient01_19.mat,13108,26215,39323,52430,-48.3635390343585,-86.412743276931,-86.8196185070603,-87.0611659237788,19676,33436,45205,-86.4582142482907,-86.802190763934,-86.9076785859976,-118.7216
ambient01_21.mat,13108,26215,39323,52430,-47.4133952653455,-86.4070420864608,-86.8736456817044,-86.8292321728349,20175,31816,45190,-86.4588849540539,-86.7804198881706,-86.9035344119958,-117.8361
ambient01_23.mat,13108,26215,39323,52430,-46.5076207712132,-86.1712727416729,-86.7898443905396,-86.8401154367026,18701,32493,45061,-85.3671353289901,-86.726874560163,-86.7850713959893,-117.7746
ambient01_25.mat,13108,26215,39323,52430,-45.8105406928164,-85.9254961882461,-86.6977747608121,-86.8697017479541,19590,33623,45170,-86.3067363516392,-86.822466226086,-86.9446884682529,-117.5077
ambient01_27.mat,13108,26215,39323,52430,-45.3103203888902,-85.8311389978395,-86.4617609470928,-86.9069906905955,18811,32257,44995,-85.1109944408903,-86.7930030372106,-86.8684843332931,-117.6334
ambient01_29.mat,13108,26215,39323,52430,-44.6236356723518,-85.4207865601872,-86.472692398219,-86.9657727688708,19231,32635,45507,-85.7479166659316,-86.692559215443,-86.9338368465208,-118.2246
ambient01_31.mat,13108,26215,39323,52430,-44.0160884028298,-84.9824296185159,-86.1371145900566,-87.0941474950136,20209,33135,45507,-86.2362758983768,-86.7810884828993,-86.8901344429976,-117.9902
ambient01_33.mat,13108,26215,39323,52430,-43.6600258200198,-85.102715485725,-85.7187783601477,-86.8987246021975,18856,32299,45332,-84.7612786414708,-86.7399009533317,-86.7619783565822,-117.2089
ambient01_35.mat,13108,26215,39323,52430,-43.0886082346274,-84.9616366678941,-85.2090155610648,-86.8986721918119,19768,31802,46287,-86.0114061365648,-86.702047919624,-86.8686498553794,-117.3882
ambient01_37.mat,13108,26215,39323,52430,-42.539725308701,-84.5396002793265,-84.8258156574106,-86.8973616656662,20647,33289,45253,-86.2003035357159,-86.8008485506507,-86.8605635321713,-117.8233
ambient01_39.mat,13108,26215,39323,52430,-42.3367935639366,-84.9362022216859,-84.2319307032136,-86.83112101597,19893,33076,45955,-86.007979433328,-86.8042480594835,-86.8407862970383,-117.0805
ambient01_41.mat,13108,26215,39323,52430,-41.8681040822153,-84.8912375633751,-83.599182117113,-86.9206293471743,19896,31857,46163,-85.9660380135786,-86.9103820199191,-86.9111121220519,-117.8465
ambient01_43.mat,13108,26215,39323,52430,-41.3923559893452,-84.7458167678642,-82.7385307786625,-86.9042926756763,18806,31993,45795,-83.5094394167883,-86.7279943515703,-86.9284903592047,-117.0667
ambient01_45.mat,13108,26215,39323,52430,-41.089518725309,-84.4193834746017,-82.0030422821454,-86.7696529282399,18874,32645,45270,-83.7404691374016,-86.8114016711424,-86.8999424954725,-117.2859
ambient01_47.mat,13108,26215,39323,52430,-40.8018718980254,-84.3038015561348,-81.3140161748574,-86.9460505885254,18782,31932,45738,-83.0901208660095,-86.8229343768462,-87.0278803277017,-118.0044
ambient01_49.mat,13108,26215,39323,52430,-40.4416853783257,-84.2270464572828,-80.4310863401555,-86.8544790931041,18829,32856,46762,-83.2105235816232,-86.8677238567976,-86.9761686100131,-117.6642
ambient01_51.mat,13108,26215,39323,52430,-40.0929382877223,-84.4387080895019,-79.458976739774,-86.6928194837638,18824,32709,44978,-82.9101932231669,-86.7434188980093,-86.8819962962118,-117.2764
ambient01_53.mat,13108,26215,39323,52430,-39.8876489214703,-84.0992236652378,-78.512124278836,-86.6694293639704,19770,32581,46084,-85.3456572889701,-86.7553322880226,-86.872743023663,-117.4268
ambient01_55.mat,13108,26215,39323,52430,-39.5062995561241,-83.6343693239742,-77.5593057224068,-86.602217453657,19663,31844,46766,-85.2126319074875,-86.7095539352344,-86.8967664888159,-117.0179
ambient01_57.mat,13108,26215,39323,52430,-39.2970546423334,-83.8175885887705,-76.4355985613266,-86.6090204735889,18819,33576,44912,-82.4573210961155,-86.7720470509028,-86.9574415270562,-116.6415
ambient01_59.mat,13108,26215,39323,52430,-39.1218032174927,-83.5456565170055,-75.4218632153828,-86.5455344703854,18848,33469,46546,-82.6104494664249,-86.6603794099782,-86.9003614465904,-117.1299
ambient01_61.mat,13108,26215,39323,52430,-38.7996463690696,-82.8769161146299,-74.459282503896,-86.4892973138512,18835,33404,45963,-82.3102948601375,-86.6443161405471,-86.883651784852,-116.2283
ambient01_63.mat,13108,26215,39323,52430,-38.6952723461071,-82.2746163092472,-73.2488389167631,-86.5460394353198,18837,32241,46720,-82.3786466129632,-86.87064364951,-86.863441981995,-118.3304
