concentration,filename,frame,pressure_MPa,H1_idx,H2_idx,H3_idx,H1_dB,H2_dB,H3_dB,U1_idx,U2_idx,U3_idx,U1_dB,U2_dB,U3_dB,target_bb_std,ambient_bb_std,harmonic_threshold_dB,U1_threshold_dB,U2_threshold_dB,U3_threshold_dB,exceeds_H1,exceeds_H2,exceeds_H3,exceeds_U1,exceeds_U2,exceeds_U3,safety_1s,safety_2s,safety_3s
1000x_01,PCI_1000x_01.pacq,1,0.025,12584,14681,16778,-56.4759342701009,-48.1099700010815,-54.8433429734559,14617,15422,18796,-52.6768458863298,-52.3617848658179,-50.6708123033881,0.459064489089503,0.466824353655995,-53.9883295258759,-54.2218417220859,-50.6375024680176,-48.3572425379499,0,1,0,1,0,0,0,0,0
1000x_01,PCI_1000x_01.pacq,2,0.03,12584,14681,16778,-50.3894833451125,-43.1292782491543,-48.7765759788536,14617,14878,18811,-50.5422257456378,-47.612051532778,-41.7706769298355,0.471417595095943,0.466623723656515,-53.9753045234719,-54.2236501123949,-50.3600334718426,-49.3149912174704,1,1,1,1,1,1,0,0,0
1000x_01,PCI_1000x_01.pacq,3,0.035,12584,14681,16778,-45.1621645135028,-42.908258176606,-40.1433303203731,12781,14878,18811,-49.7071917003511,-47.4357528619931,-34.0749779371968,0.482099219330526,0.472431658827809,-53.9691717091287,-53.7220745565634,-50.9517760713699,-48.5962217732592,1,1,1,1,1,1,0,0,0
1000x_01,PCI_1000x_01.pacq,4,0.04,12584,14681,16778,-47.8142047820913,-40.9652765859529,-33.9110447917504,12780,14878,18811,-37.6353545293107,-39.7042717352448,-34.1805824355899,0.509729557885716,0.485744391301445,-53.944192458876,-53.2469996145398,-50.0074715107837,-48.6693442511105,1,1,1,1,1,1,0,0,0
1000x_01,PCI_1000x_01.pacq,5,0.045,12584,14681,16778,-34.5414828882439,-23.5039576085994,-19.868030384824,12780,14877,16842,-29.5193585520825,-25.4901074485212,-26.1397957061233,0.97012587066734,0.465281767395619,-53.9774620118647,-53.0071487680922,-50.1840865757163,-48.1756668206538,1,1,1,1,1,1,1,0,0
1000x_01,PCI_1000x_01.pacq,6,0.05,12584,14681,16778,-36.3001816282204,-28.4449631526705,-21.1590012314976,12773,14870,18811,-25.2801372727893,-23.004474117944,-20.9574160204511,1.30417254281364,0.474018350843289,-53.9380988900729,-53.6274229570285,-50.642513392505,-47.5078037648756,1,1,1,1,1,1,1,0,0
1000x_01,PCI_1000x_01.pacq,7,0.055,12584,14681,16778,-39.9863220699472,-32.3902055885377,-21.8711480324689,12778,14875,18808,-27.1451479981328,-25.6369210143276,-23.2216108969919,2.53130378058482,0.480278100677452,-53.9163233305624,-53.1436285640195,-49.7130483895907,-46.1460400444399,1,1,1,1,1,1,1,1,1
1000x_01,PCI_1000x_01.pacq,8,0.06,12584,14681,16778,-34.7838088937782,-30.3539288879926,-22.7587686593113,12726,16724,18821,-26.356039464688,-22.0248451990448,-18.9488091200106,3.36765701340643,0.473549943818784,-53.8795914292759,-51.6133987249039,-49.2074009255693,-47.1725706284844,1,1,1,1,1,1,1,1,1
1000x_01,PCI_1000x_01.pacq,9,0.065,12584,14681,16778,-37.6940200896805,-28.0783253249068,-23.7576969629262,12708,16718,18815,-23.5444646579442,-18.7517001841408,-14.7544310675045,5.10453553415375,0.470305588340059,-53.8330547011442,-48.8388657665188,-44.8586163382864,-44.1792303798068,1,1,1,1,1,1,1,1,1
1000x_01,PCI_1000x_01.pacq,10,0.07,12584,14681,16778,-34.2618122225445,-31.0071651611114,-24.7837713450369,14605,16703,18820,-23.1729355977346,-16.9466536521694,-16.7183077807343,7.06679613865165,0.485041052096939,-53.869375382499,-43.9189697105974,-47.1664278663958,-41.4371394988691,1,1,1,1,1,1,1,1,1
1000x_01,PCI_1000x_01.pacq,11,0.075,12584,14681,16778,-31.0901212995868,-29.1157663001912,-21.8102373767383,12702,16699,18796,-19.5608745274959,-14.0649143988089,-11.9281568942084,12.0342430186824,0.488338569620121,-53.8534278557025,-41.9309078971906,-45.7038954499367,-44.9138043436155,1,1,1,1,1,1,1,1,1
1000x_01,PCI_1000x_01.pacq,12,0.08,12584,14681,16778,-31.9735849985773,-28.3454887708973,-23.7776426899157,14573,16670,18714,-25.9255598986019,-20.4242922985574,-15.6145153839376,13.6588890949597,0.481666646114749,-53.790962359901,-41.151423171926,-45.8726177925698,-40.3024151234931,1,1,1,1,1,1,1,1,1
1000x_01,PCI_1000x_01.pacq,13,0.085,12584,14681,16778,-34.5905946784231,-30.4381700775368,-25.6298133950027,14613,16710,18723,-25.0192045023823,-20.8764753678149,-17.6822761715011,16.1822871105674,0.476170191370291,-53.7516330424052,-39.3371779913198,-41.4685583535544,-40.153741477451,1,1,1,1,1,1,1,1,1
1000x_01,PCI_1000x_01.pacq,14,0.09,12584,14681,16778,-33.7244345244283,-29.6190009936243,-23.5637534902263,12780,16721,18691,-26.93648528582,-24.3371705578283,-20.8335432440983,16.8604746882827,0.483775269607486,-53.6234278472822,-38.1180725317996,-38.2712544745791,-38.1646407680008,1,1,1,1,1,1,1,1,1
1000x_01,PCI_1000x_01.pacq,15,0.095,12584,14681,16778,-37.0247398598466,-32.9342169373148,-29.7674260130258,12721,16648,18808,-24.0247907153766,-22.2549856691671,-17.3502007525141,18.4506186845153,0.489339293836667,-53.6293451916236,-36.8197345780857,-35.5535750521584,-35.6738214289206,1,1,1,1,1,1,1,1,1
1000x_01,PCI_1000x_01.pacq,16,0.1,12584,14681,16778,-37.6780138211443,-30.7264579257678,-21.7163891691731,12736,16498,18742,-26.269885105739,-21.9863956046187,-19.8385352380136,23.7506456720413,0.496292359263224,-53.5629526189086,-35.4703741112511,-35.2596619913373,-35.4317197840598,1,1,1,1,1,1,1,1,1
1000x_01,PCI_1000x_01.pacq,17,0.105,12584,14681,16778,-40.5892969543591,-33.3551274430455,-23.9255502252494,12665,16700,18812,-27.9672876674421,-25.9988105363137,-20.1057440765517,20.1779298288741,0.536816597793163,-53.4614627428405,-33.9681800802946,-32.2599926480434,-32.3356325528671,1,1,1,1,1,1,1,1,1
1000x_01,PCI_1000x_01.pacq,18,0.11,12584,14681,16778,-27.1761621532507,-26.495276993104,-26.2184399115407,14004,16640,18738,-26.3168990265532,-21.2256440102915,-19.7921031158965,22.9286747240494,0.546238501971437,-53.4365278297605,-32.4322360195811,-33.0887370031107,-33.2160130448232,1,1,1,1,1,1,1,1,1
1000x_01,PCI_1000x_01.pacq,19,0.115,12584,14681,16778,-40.9521980751285,-32.6729858219142,-29.8987620605194,13976,16675,18794,-26.0063938465267,-24.4290668240924,-19.5096450768951,26.6978350679351,0.561666192826163,-53.3771470985508,-32.234221999939,-34.1897054847402,-33.9587619714926,1,1,1,1,1,1,1,1,1
1000x_01,PCI_1000x_01.pacq,20,0.12,12584,14681,16778,-36.3058906295132,-25.4547368956545,-25.7381510130399,13625,15722,18824,-22.8413322384431,-22.4451018489432,-19.7525823676349,30.0811720233753,0.59107956143872,-53.2707564947119,-32.6015986999598,-33.1271731838607,-29.2599953515676,1,1,1,1,1,1,1,1,1
1000x_01,PCI_1000x_01.pacq,21,0.125,12584,14681,16778,-37.6000103134123,-22.8261580459435,-20.398675065557,14438,16625,18707,-22.0538708725478,-19.8143412132697,-17.1333584100801,31.1321399466666,0.600999667339777,-53.2609320934293,-31.8762468143978,-34.9148964197528,-26.0697893957785,1,1,1,1,1,1,1,1,1
1000x_01,PCI_1000x_01.pacq,22,0.13,12584,14681,16778,-27.3508792679156,-21.0843436721219,-19.3233596988595,13222,16570,18301,-18.3100831670436,-16.4777956060946,-13.6625059560372,38.3970161612712,0.675673681219014,-52.9135115171115,-29.2937086368692,-32.4646251419362,-24.0073676222965,1,1,1,1,1,1,1,1,1
1000x_01,PCI_1000x_01.pacq,23,0.135,12584,14681,16778,-22.8428601319186,-18.5146458826399,-17.462551053861,14616,16337,17997,-16.214787928663,-14.5120630631622,-11.7842869495143,43.2967442080095,0.661811348616496,-53.056225265536,-28.0413474456783,-33.0631469502553,-22.44602478726,1,1,1,1,1,1,1,1,1
1000x_01,PCI_1000x_01.pacq,24,0.14,12584,14681,16778,-19.5070668288055,-18.6497643644207,-17.6353744588094,14248,16067,18825,-16.685499608975,-14.1892038989944,-11.2684431211723,48.2339290066168,0.73615896189544,-52.9577831430724,-28.6148221387475,-30.8858891641089,-22.1121417202197,1,1,1,1,1,1,1,1,1
1000x_01,PCI_1000x_01.pacq,25,0.145,12584,14681,16778,-18.5881944105068,-15.0706528954969,-13.0878010848973,14526,16302,18552,-13.7085208813442,-11.732118552699,-9.49263472085503,58.9295811491024,0.75307115990572,-52.7504275567875,-25.9233807639402,-28.9859796942934,-21.1375205048809,1,1,1,1,1,1,1,1,1
1000x_01,PCI_1000x_01.pacq,26,0.15,12584,14681,16778,-17.9802711117675,-15.4356245648855,-13.4175061321729,14175,16489,18587,-12.9452110308274,-10.3127744830366,-8.42594960902825,62.0019916193769,0.781896132865829,-52.5921584629752,-24.6617395594979,-27.8926410725342,-20.8715442701799,1,1,1,1,1,1,1,1,1
1000x_01,PCI_1000x_01.pacq,27,0.155,12584,14681,16778,-18.3301073887874,-13.6383105601062,-11.6927428016147,13365,16717,18364,-12.8234061295041,-9.90756683845823,-7.20190960608985,68.7088842821451,0.836263251524327,-52.3876859610292,-23.3877150567548,-26.9414274213098,-19.5250094141728,1,1,1,1,1,1,1,1,1
1000x_01,PCI_1000x_01.pacq,28,0.16,12584,14681,16778,-15.772518456766,-15.0457706528378,-12.6441460909736,14062,16664,18642,-11.7244305547844,-8.80915235078563,-7.21526262967027,74.597911558726,0.939150347530212,-52.357284334588,-22.5750637230035,-27.9093449959311,-21.2291160031417,1,1,1,1,1,1,1,1,1
1000x_01,PCI_1000x_01.pacq,29,0.165,12584,14681,16778,-19.8158521987476,-12.7414002384368,-11.2244824417238,14285,16219,18159,-10.4988882012683,-7.63619366125868,-6.59537246953053,78.431377402821,0.96728555655438,-52.0626012172031,-22.9336830423437,-26.3131045342869,-20.1079253842266,1,1,1,1,1,1,1,1,1
1000x_01,PCI_1000x_01.pacq,30,0.17,12584,14681,16778,-14.6575648594971,-16.1380119621083,-13.7670708043377,14422,16460,18180,-10.9776741089619,-7.88107454232196,-6.28375798213209,82.2363874317058,1.00960132190753,-52.0373707586178,-22.2434142418876,-26.9044803408376,-20.7222786228664,1,1,1,1,1,1,1,1,1
1000x_01,PCI_1000x_01.pacq,31,0.175,12584,14681,16778,-17.7788645629852,-13.6426883578933,-13.1720586048366,13920,16141,18609,-9.64429982802514,-8.30470027446482,-5.92500666404862,81.6396217766889,1.1184826954886,-51.9394180120308,-22.4721366449541,-25.3979093724033,-20.9244847599353,1,1,1,1,1,1,1,1,1
1000x_01,PCI_1000x_01.pacq,32,0.18,12584,14681,16778,-17.6691686786796,-16.4764061035309,-14.2743121383315,14608,16268,18792,-9.96330080701597,-7.67913846177693,-5.81006447240948,84.4702479823994,1.19513649086624,-51.6930576443785,-21.8757310395086,-24.4797391366621,-18.024877342886,1,1,1,1,1,1,1,1,1
1000x_02,PCI_1000x_02.pacq,1,0.025,12584,14681,16778,-61.2917527277877,-55.4642517108296,-52.9837841841894,14415,16723,18747,-55.4941384021366,-52.1289438127167,-50.0839007694464,0.468683885351936,0.466824353655995,-53.9883295258759,-54.2218417220859,-50.6375024680176,-48.3572425379499,0,0,1,0,0,0,0,0,0
1000x_02,PCI_1000x_02.pacq,2,0.03,12584,14681,16778,-64.1382723393174,-52.0478510948316,-52.0993200557295,12780,16571,18811,-53.8295871358711,-52.6282270718198,-49.3386252777818,0.473585284643112,0.466623723656515,-53.9753045234719,-54.2236501123949,-50.3600334718426,-49.3149912174704,0,1,1,1,0,0,0,0,0
1000x_02,PCI_1000x_02.pacq,3,0.035,12584,14681,16778,-50.7671963208318,-42.6520037147364,-44.5763161141292,14617,14878,18811,-49.6632642727486,-47.5639382455228,-46.9798899917239,0.4810380381553,0.472431658827809,-53.9691717091287,-53.7220745565634,-50.9517760713699,-48.5962217732592,1,1,1,1,1,1,0,0,0
1000x_02,PCI_1000x_02.pacq,4,0.04,12584,14681,16778,-48.3258051090429,-47.200498374684,-46.2270228789187,12977,14878,16975,-52.6177221301181,-48.7807954408693,-46.0444817974786,0.482623363958696,0.485744391301445,-53.944192458876,-53.2469996145398,-50.0074715107837,-48.6693442511105,1,1,1,1,1,1,0,0,0
1000x_02,PCI_1000x_02.pacq,5,0.045,12584,14681,16778,-44.6946176648167,-36.3639420415592,-30.7436458016751,12780,16714,18811,-37.8448879493942,-37.2014500866856,-34.690638828992,0.504438521074959,0.465281767395619,-53.9774620118647,-53.0071487680922,-50.1840865757163,-48.1756668206538,1,1,1,1,1,1,0,0,0
1000x_02,PCI_1000x_02.pacq,6,0.05,12584,14681,16778,-52.4808961459982,-38.601043806297,-31.2381027023416,12779,14876,18811,-36.9687976290498,-33.6072916390242,-33.1355323148377,0.539898830955923,0.474018350843289,-53.9380988900729,-53.6274229570285,-50.642513392505,-47.5078037648756,1,1,1,1,1,1,0,0,0
1000x_02,PCI_1000x_02.pacq,7,0.055,12584,14681,16778,-41.5742959335652,-30.0466612777022,-29.7557151679129,12779,14876,18810,-31.2918295812378,-31.6045846235215,-28.7870489200438,1.00517171561661,0.480278100677452,-53.9163233305624,-53.1436285640195,-49.7130483895907,-46.1460400444399,1,1,1,1,1,1,1,0,0
1000x_02,PCI_1000x_02.pacq,8,0.06,12584,14681,16778,-46.6539933278167,-32.8397927204542,-29.2217919477436,12769,14865,18800,-30.3456950308903,-30.6392625317871,-27.8145650233218,1.91890940966795,0.473549943818784,-53.8795914292759,-51.6133987249039,-49.2074009255693,-47.1725706284844,1,1,1,1,1,1,1,1,1
1000x_02,PCI_1000x_02.pacq,9,0.065,12584,14681,16778,-41.3521070679257,-34.8662924405613,-32.0495061857013,12899,16710,18801,-32.4308555433623,-27.4948881473365,-23.065072296358,2.4871383682083,0.470305588340059,-53.8330547011442,-48.8388657665188,-44.8586163382864,-44.1792303798068,1,1,1,1,1,1,1,1,1
1000x_02,PCI_1000x_02.pacq,10,0.07,12584,14681,16778,-38.2411426135808,-32.1071100248383,-29.4355946501,12662,16705,18757,-26.368745811934,-22.9853308188319,-18.8980356696357,5.34406446427966,0.485041052096939,-53.869375382499,-43.9189697105974,-47.1664278663958,-41.4371394988691,1,1,1,1,1,1,1,1,1
1000x_02,PCI_1000x_02.pacq,11,0.075,12584,14681,16778,-38.3993592287501,-36.6321949198886,-25.3835822193782,12675,14772,18759,-24.6989294662613,-23.3756588116315,-20.6582623333168,8.11928911575889,0.488338569620121,-53.8534278557025,-41.9309078971906,-45.7038954499367,-44.9138043436155,1,1,1,1,1,1,1,1,1
1000x_02,PCI_1000x_02.pacq,12,0.08,12584,14681,16778,-44.2199159181764,-31.846855392808,-30.9505268527588,12657,16697,18774,-27.9856783580724,-22.5074049809791,-18.8371641200936,10.1386998089251,0.481666646114749,-53.790962359901,-41.151423171926,-45.8726177925698,-40.3024151234931,1,1,1,1,1,1,1,1,1
1000x_02,PCI_1000x_02.pacq,13,0.085,12584,14681,16778,-40.1638331500064,-32.1666759653691,-28.8393943572896,14598,16715,18793,-26.102641808455,-20.5446635580125,-16.7084607558224,11.4766235009871,0.476170191370291,-53.7516330424052,-39.3371779913198,-41.4685583535544,-40.153741477451,1,1,1,1,1,1,1,1,1
1000x_02,PCI_1000x_02.pacq,14,0.09,12584,14681,16778,-39.3471963349735,-33.8748961691011,-24.4691371691539,12707,16642,18739,-28.0556222814527,-23.7486609357671,-20.7853855228648,10.7208726379049,0.483775269607486,-53.6234278472822,-38.1180725317996,-38.2712544745791,-38.1646407680008,1,1,1,1,1,1,1,1,1
1000x_02,PCI_1000x_02.pacq,15,0.095,12584,14681,16778,-41.7948399035788,-35.9592906975705,-26.3251064521462,12891,16696,18800,-28.3985579677326,-23.6496502495261,-22.1774189485429,15.8742969077563,0.489339293836667,-53.6293451916236,-36.8197345780857,-35.5535750521584,-35.6738214289206,1,1,1,1,1,1,1,1,1
1000x_02,PCI_1000x_02.pacq,16,0.1,12584,14681,16778,-34.5167311428998,-34.6862386159711,-29.4692159838611,14547,16645,18757,-29.9478905166768,-25.7608654158701,-23.8348054834475,17.8148076816631,0.496292359263224,-53.5629526189086,-35.4703741112511,-35.2596619913373,-35.4317197840598,1,1,1,1,1,1,1,1,1
1000x_02,PCI_1000x_02.pacq,17,0.105,12584,14681,16778,-40.5312084164615,-29.8776509850199,-30.490665372798,14624,16558,18677,-28.0154463054545,-24.5842405442903,-23.6629715713551,17.4719846345389,0.536816597793163,-53.4614627428405,-33.9681800802946,-32.2599926480434,-32.3356325528671,1,1,1,1,1,1,1,1,1
1000x_02,PCI_1000x_02.pacq,18,0.11,12584,14681,16778,-37.9969282536202,-35.8550267759621,-29.4661422373203,12780,16480,18672,-31.7214891019277,-28.9104288142437,-25.6080549710396,19.66044898079,0.546238501971437,-53.4365278297605,-32.4322360195811,-33.0887370031107,-33.2160130448232,1,1,1,1,1,1,1,1,1
1000x_02,PCI_1000x_02.pacq,19,0.115,12584,14681,16778,-36.7260420033332,-32.2779479548623,-23.4669854485481,14346,16421,17916,-26.2161440814497,-24.2105365850402,-20.7239580275935,26.5365737272479,0.561666192826163,-53.3771470985508,-32.234221999939,-34.1897054847402,-33.9587619714926,1,1,1,1,1,1,1,1,1
1000x_02,PCI_1000x_02.pacq,20,0.12,12584,14681,16778,-44.716682632419,-31.8944474997793,-22.9504342691723,13879,15986,18079,-27.0637236869127,-23.455637941113,-21.6511854123722,25.981211741771,0.59107956143872,-53.2707564947119,-32.6015986999598,-33.1271731838607,-29.2599953515676,1,1,1,1,1,1,1,1,1
1000x_02,PCI_1000x_02.pacq,21,0.125,12584,14681,16778,-29.2686596586829,-33.2003518945964,-21.5346632932054,14129,15674,18617,-22.6820273170661,-20.4136255976648,-18.718685655548,26.1458146952289,0.600999667339777,-53.2609320934293,-31.8762468143978,-34.9148964197528,-26.0697893957785,1,1,1,1,1,1,1,1,1
1000x_02,PCI_1000x_02.pacq,22,0.13,12584,14681,16778,-36.6885010352746,-24.8275122418173,-21.3243902667266,14508,16725,16845,-20.7803234483965,-19.1536155171393,-15.8492790179922,29.8314615331684,0.675673681219014,-52.9135115171115,-29.2937086368692,-32.4646251419362,-24.0073676222965,1,1,1,1,1,1,1,1,1
1000x_02,PCI_1000x_02.pacq,23,0.135,12584,14681,16778,-17.8641698187573,-17.1299469814293,-15.8381609605658,13595,16638,18540,-16.9493224928288,-14.4249461078892,-12.5456617179293,42.1969391836541,0.661811348616496,-53.056225265536,-28.0413474456783,-33.0631469502553,-22.44602478726,1,1,1,1,1,1,1,1,1
1000x_02,PCI_1000x_02.pacq,24,0.14,12584,14681,16778,-19.2098304298749,-16.526274468678,-13.9518368038476,12846,14943,18764,-16.4561043819782,-13.5271185713409,-10.9986212373268,50.1543080424659,0.73615896189544,-52.9577831430724,-28.6148221387475,-30.8858891641089,-22.1121417202197,1,1,1,1,1,1,1,1,1
1000x_02,PCI_1000x_02.pacq,25,0.145,12584,14681,16778,-22.0855245690968,-21.3885645824524,-17.6643068005922,13279,16445,18594,-17.2263513828381,-13.9744633686109,-10.5814912637481,42.7606319706822,0.75307115990572,-52.7504275567875,-25.9233807639402,-28.9859796942934,-21.1375205048809,1,1,1,1,1,1,1,1,1
1000x_02,PCI_1000x_02.pacq,26,0.15,12584,14681,16778,-19.0557024099028,-15.2524560255607,-14.7663568316151,13622,16504,16928,-13.658175620469,-10.8408401223653,-9.71819425205398,60.033228507169,0.781896132865829,-52.5921584629752,-24.6617395594979,-27.8926410725342,-20.8715442701799,1,1,1,1,1,1,1,1,1
1000x_02,PCI_1000x_02.pacq,27,0.155,12584,14681,16778,-17.0863947806373,-17.5713908486124,-19.1980782203846,14632,16729,18826,-14.0903378426852,-11.2645012136852,-9.81040789659003,54.1688429467711,0.836263251524327,-52.3876859610292,-23.3877150567548,-26.9414274213098,-19.5250094141728,1,1,1,1,1,1,1,1,1
1000x_02,PCI_1000x_02.pacq,28,0.16,12584,14681,16778,-20.0320752749173,-13.2408972383166,-15.48327985914,14557,16469,18510,-12.9582199118271,-10.3204910254685,-8.11630486205945,69.3759333104666,0.939150347530212,-52.357284334588,-22.5750637230035,-27.9093449959311,-21.2291160031417,1,1,1,1,1,1,1,1,1
1000x_02,PCI_1000x_02.pacq,29,0.165,12584,14681,16778,-17.1467211520735,-13.6026131717739,-14.3616642062888,12925,15439,18007,-12.7627431379075,-10.0995231110954,-7.62575818384858,65.7235213771627,0.96728555655438,-52.0626012172031,-22.9336830423437,-26.3131045342869,-20.1079253842266,1,1,1,1,1,1,1,1,1
1000x_02,PCI_1000x_02.pacq,30,0.17,12584,14681,16778,-16.76005505359,-15.5099031779509,-14.5249948657282,14437,16534,18733,-10.7311578482833,-8.59187951869515,-7.01496015295186,76.6804609954898,1.00960132190753,-52.0373707586178,-22.2434142418876,-26.9044803408376,-20.7222786228664,1,1,1,1,1,1,1,1,1
1000x_02,PCI_1000x_02.pacq,31,0.175,12584,14681,16778,-14.8712019091393,-13.4045353371729,-12.5433656246507,13478,16648,18692,-10.7520614617737,-8.20456952269669,-6.92835487347253,76.6489684339802,1.1184826954886,-51.9394180120308,-22.4721366449541,-25.3979093724033,-20.9244847599353,1,1,1,1,1,1,1,1,1
1000x_02,PCI_1000x_02.pacq,32,0.18,12584,14681,16778,-18.5799560113003,-11.4223156038135,-12.2078268347117,13541,15638,18678,-11.8022468412573,-9.50667020821674,-7.7681083324176,75.3383451152487,1.19513649086624,-51.6930576443785,-21.8757310395086,-24.4797391366621,-18.024877342886,1,1,1,1,1,1,1,1,1
100x_01,PCI_100x_01.pacq,1,0.025,12584,14681,16778,-56.4526557022372,-46.9523205380369,-41.1725316007874,12780,16714,18811,-48.0774960013278,-47.6426824705548,-40.1135478125703,0.472639653331229,0.466824353655995,-53.9883295258759,-54.2218417220859,-50.6375024680176,-48.3572425379499,0,1,1,1,1,1,0,0,0
100x_01,PCI_100x_01.pacq,2,0.03,12584,14681,16778,-41.3620901891463,-35.3715509939399,-32.9942712396773,12780,16714,18811,-42.0181339818086,-39.7468742144071,-34.2898804760165,0.50713582350805,0.466623723656515,-53.9753045234719,-54.2236501123949,-50.3600334718426,-49.3149912174704,1,1,1,1,1,1,0,0,0
100x_01,PCI_100x_01.pacq,3,0.035,12584,14681,16778,-37.8922391108481,-29.6727798286129,-24.7532900614969,12781,16714,16842,-37.3601594012325,-31.0054565846875,-31.1270473758586,0.625507186933849,0.472431658827809,-53.9691717091287,-53.7220745565634,-50.9517760713699,-48.5962217732592,1,1,1,1,1,1,0,0,0
100x_01,PCI_100x_01.pacq,4,0.04,12584,14681,16778,-25.4850621782522,-17.7215455665557,-12.8657625602596,12780,16714,18811,-21.4370737634458,-19.2158670649207,-16.6342104344085,1.793021929426,0.485744391301445,-53.944192458876,-53.2469996145398,-50.0074715107837,-48.6693442511105,1,1,1,1,1,1,1,1,0
100x_01,PCI_100x_01.pacq,5,0.045,12584,14681,16778,-17.9663662282956,-8.53906892813336,-0.786259082057201,12781,16714,18811,-13.3932891889887,-7.24601855093022,-4.5003579467399,4.70287967279359,0.465281767395619,-53.9774620118647,-53.0071487680922,-50.1840865757163,-48.1756668206538,1,1,1,1,1,1,1,1,1
100x_01,PCI_100x_01.pacq,6,0.05,12584,14681,16778,-24.2206131298838,-11.4420692294143,-5.38947474025859,12780,14877,18811,-9.93601812404241,-9.91360008040756,-7.35155506159702,6.32411252435249,0.474018350843289,-53.9380988900729,-53.6274229570285,-50.642513392505,-47.5078037648756,1,1,1,1,1,1,1,1,1
100x_01,PCI_100x_01.pacq,7,0.055,12584,14681,16778,-22.714429564955,-21.7301384786471,-10.7451533142012,12774,16714,18811,-15.9996803368006,-15.5873597239387,-10.5773000856973,8.05526740943676,0.480278100677452,-53.9163233305624,-53.1436285640195,-49.7130483895907,-46.1460400444399,1,1,1,1,1,1,1,1,1
100x_01,PCI_100x_01.pacq,8,0.06,12584,14681,16778,-23.0822320564099,-10.3879088292089,-5.80687548887846,12780,16714,18812,-15.7475389733419,-10.1046078424429,-7.99031987009377,13.1417460235624,0.473549943818784,-53.8795914292759,-51.6133987249039,-49.2074009255693,-47.1725706284844,1,1,1,1,1,1,1,1,1
100x_01,PCI_100x_01.pacq,9,0.065,12584,14681,16778,-18.0787545811885,-9.34512276653194,-8.47367816389779,12691,16704,18802,-14.2633332121364,-9.07964963890836,-5.34293346319017,19.5094952383888,0.470305588340059,-53.8330547011442,-48.8388657665188,-44.8586163382864,-44.1792303798068,1,1,1,1,1,1,1,1,1
100x_01,PCI_100x_01.pacq,10,0.07,12584,14681,16778,-16.8099981287807,-8.81413612311133,-8.52262800027536,12699,16702,18793,-11.2570712550547,-8.92437129584829,-4.8608282402145,24.3782107733019,0.485041052096939,-53.869375382499,-43.9189697105974,-47.1664278663958,-41.4371394988691,1,1,1,1,1,1,1,1,1
100x_01,PCI_100x_01.pacq,11,0.075,12584,14681,16778,-16.3352726482721,-13.3035268765743,-14.6549727308177,12669,16700,18796,-11.726510237613,-7.65058898986931,-2.37502487625717,31.906732042402,0.488338569620121,-53.8534278557025,-41.9309078971906,-45.7038954499367,-44.9138043436155,1,1,1,1,1,1,1,1,1
100x_01,PCI_100x_01.pacq,12,0.08,12584,14681,16778,-17.987528769472,-18.8483874984986,-8.50311878420204,14621,16723,18821,-10.2843586084622,-5.43938397471924,-2.10952181001679,36.9881755112751,0.481666646114749,-53.790962359901,-41.151423171926,-45.8726177925698,-40.3024151234931,1,1,1,1,1,1,1,1,1
100x_01,PCI_100x_01.pacq,13,0.085,12584,14681,16778,-15.21869925564,-11.6996128860063,-5.55861491979035,14596,16575,18673,-9.70375387230309,-6.74176136082092,-2.98672985494231,43.6511995265142,0.476170191370291,-53.7516330424052,-39.3371779913198,-41.4685583535544,-40.153741477451,1,1,1,1,1,1,1,1,1
100x_01,PCI_100x_01.pacq,14,0.09,12584,14681,16778,-20.1918294898866,-16.5901862718467,-14.8625024634559,14631,16670,18818,-11.1472641107122,-7.46425629700473,-3.70558667712324,44.8572266798066,0.483775269607486,-53.6234278472822,-38.1180725317996,-38.2712544745791,-38.1646407680008,1,1,1,1,1,1,1,1,1
100x_01,PCI_100x_01.pacq,15,0.095,12584,14681,16778,-24.505131174463,-16.8373727416268,-11.8222241477978,14578,16676,18785,-11.4295016009756,-9.13714294191435,-4.78916165585161,50.4313743897509,0.489339293836667,-53.6293451916236,-36.8197345780857,-35.5535750521584,-35.6738214289206,1,1,1,1,1,1,1,1,1
100x_01,PCI_100x_01.pacq,16,0.1,12584,14681,16778,-20.3945110706844,-19.5518814817262,-9.4034633799178,14451,16647,18744,-11.5364910557603,-8.32643639610566,-4.77447913863162,54.4056396756001,0.496292359263224,-53.5629526189086,-35.4703741112511,-35.2596619913373,-35.4317197840598,1,1,1,1,1,1,1,1,1
100x_01,PCI_100x_01.pacq,17,0.105,12584,14681,16778,-23.782408494043,-15.4280136920622,-10.5237091797255,14580,16534,18750,-11.8490129783448,-8.61906226253306,-6.27291946553427,53.0579837358862,0.536816597793163,-53.4614627428405,-33.9681800802946,-32.2599926480434,-32.3356325528671,1,1,1,1,1,1,1,1,1
100x_01,PCI_100x_01.pacq,18,0.11,12584,14681,16778,-22.6932831150426,-16.7795910505372,-9.15631392694292,14119,16713,18718,-11.99089066973,-7.80317840128828,-6.84125073222744,54.1631279149303,0.546238501971437,-53.4365278297605,-32.4322360195811,-33.0887370031107,-33.2160130448232,1,1,1,1,1,1,1,1,1
100x_01,PCI_100x_01.pacq,19,0.115,12584,14681,16778,-17.4917681702734,-15.1710373305772,-12.1342588555357,14101,16568,18025,-10.2264509642866,-8.75561620032327,-5.59229740577544,67.4877640033662,0.561666192826163,-53.3771470985508,-32.234221999939,-34.1897054847402,-33.9587619714926,1,1,1,1,1,1,1,1,1
100x_01,PCI_100x_01.pacq,20,0.12,12584,14681,16778,-21.5918557784141,-15.6710512142002,-11.9881951082554,12857,15225,18730,-9.55320935559382,-8.31593631150389,-3.64018351359397,70.2344013959249,0.59107956143872,-53.2707564947119,-32.6015986999598,-33.1271731838607,-29.2599953515676,1,1,1,1,1,1,1,1,1
100x_01,PCI_100x_01.pacq,21,0.125,12584,14681,16778,-16.3442564246928,-9.16421542203743,-6.13955414429808,14013,16678,18748,-8.51492357633013,-6.78562209824533,-4.64307326029747,83.3400595170258,0.600999667339777,-53.2609320934293,-31.8762468143978,-34.9148964197528,-26.0697893957785,1,1,1,1,1,1,1,1,1
100x_01,PCI_100x_01.pacq,22,0.13,12584,14681,16778,-17.8757222071671,-14.2714232712106,-9.82022601830608,14258,16502,18384,-8.15220773063628,-5.85779349075033,-3.43083880438918,96.5698824523278,0.675673681219014,-52.9135115171115,-29.2937086368692,-32.4646251419362,-24.0073676222965,1,1,1,1,1,1,1,1,1
100x_01,PCI_100x_01.pacq,23,0.135,12584,14681,16778,-14.2057907041165,-9.59255442575363,-9.89042807972947,13413,15417,18769,-8.62017231129817,-6.43226106487341,-2.26116642592635,101.877770566681,0.661811348616496,-53.056225265536,-28.0413474456783,-33.0631469502553,-22.44602478726,1,1,1,1,1,1,1,1,1
100x_01,PCI_100x_01.pacq,24,0.14,12584,14681,16778,-18.0763722040274,-9.99360328410328,-8.4668557203262,13747,16657,18798,-7.49161334432761,-4.41376986789655,-2.02905562012678,115.073468396062,0.73615896189544,-52.9577831430724,-28.6148221387475,-30.8858891641089,-22.1121417202197,1,1,1,1,1,1,1,1,1
100x_01,PCI_100x_01.pacq,25,0.145,12584,14681,16778,-13.6117789568384,-9.81740758540274,-7.71179861009495,13918,15177,18703,-6.89389894081849,-4.51994405687792,-1.47930653693546,123.444328949082,0.75307115990572,-52.7504275567875,-25.9233807639402,-28.9859796942934,-21.1375205048809,1,1,1,1,1,1,1,1,1
100x_01,PCI_100x_01.pacq,26,0.15,12584,14681,16778,-14.1609542572088,-9.49362779684634,-3.09029204228367,14363,16439,18681,-5.30239324211303,-2.53676820194901,-0.0495268643805648,143.959679956212,0.781896132865829,-52.5921584629752,-24.6617395594979,-27.8926410725342,-20.8715442701799,1,1,1,1,1,1,1,1,1
100x_01,PCI_100x_01.pacq,27,0.155,12584,14681,16778,-13.393123605934,-7.6448625156761,-3.23822314494019,12792,16312,18669,-6.03374969798737,-3.3009335165689,-0.741617471399669,139.5825709645,0.836263251524327,-52.3876859610292,-23.3877150567548,-26.9414274213098,-19.5250094141728,1,1,1,1,1,1,1,1,1
100x_01,PCI_100x_01.pacq,28,0.16,12584,14681,16778,-10.2013912192716,-9.13925955278549,-3.71225257136357,12855,16692,18605,-4.57159295091615,-1.5953016088556,-0.01683218918935,149.773576311433,0.939150347530212,-52.357284334588,-22.5750637230035,-27.9093449959311,-21.2291160031417,1,1,1,1,1,1,1,1,1
100x_01,PCI_100x_01.pacq,29,0.165,12584,14681,16778,-9.82298901225069,-9.33745635254109,-7.53407651001119,12655,16659,18357,-3.8812454732291,-1.67600877777471,0.708884608825396,158.989796468333,0.96728555655438,-52.0626012172031,-22.9336830423437,-26.3131045342869,-20.1079253842266,1,1,1,1,1,1,1,1,1
100x_01,PCI_100x_01.pacq,30,0.17,12584,14681,16778,-10.4081346658659,-10.6351655204934,-2.23554007910987,14517,16614,18315,-4.59897871902814,-1.11008426609308,1.99569079387063,163.688032687137,1.00960132190753,-52.0373707586178,-22.2434142418876,-26.9044803408376,-20.7222786228664,1,1,1,1,1,1,1,1,1
100x_01,PCI_100x_01.pacq,31,0.175,12584,14681,16778,-7.19183259448532,-5.84861218836787,-4.17482647974038,14052,16577,18691,-3.94975906681201,-1.15133600461315,1.33686945884759,173.66267697329,1.1184826954886,-51.9394180120308,-22.4721366449541,-25.3979093724033,-20.9244847599353,1,1,1,1,1,1,1,1,1
100x_01,PCI_100x_01.pacq,32,0.18,12584,14681,16778,-9.01488238644186,-3.88594880707817,-5.69124679331956,14020,16127,18186,-3.66542845703015,-1.59237020509149,1.84815883457066,176.289397210201,1.19513649086624,-51.6930576443785,-21.8757310395086,-24.4797391366621,-18.024877342886,1,1,1,1,1,1,1,1,1
100x_02,PCI_100x_02.pacq,1,0.025,12584,14681,16778,-57.2532072550789,-54.8620702096076,-53.463052859268,14494,14878,18811,-54.5248876301157,-48.0716569193537,-47.8010431955839,0.468588356131988,0.466824353655995,-53.9883295258759,-54.2218417220859,-50.6375024680176,-48.3572425379499,0,0,1,0,1,1,0,0,0
100x_02,PCI_100x_02.pacq,2,0.03,12584,14681,16778,-44.2101936419265,-45.9616294969649,-32.7433993736406,12781,16714,16842,-48.0047353873255,-39.1289450092377,-39.1364753608027,0.484665657840149,0.466623723656515,-53.9753045234719,-54.2236501123949,-50.3600334718426,-49.3149912174704,1,1,1,1,1,1,0,0,0
100x_02,PCI_100x_02.pacq,3,0.035,12584,14681,16778,-38.5845544831189,-43.6771286272045,-26.4516384728697,12780,16714,16842,-41.3016180079022,-33.0309211433685,-32.5625320088104,0.481720401889791,0.472431658827809,-53.9691717091287,-53.7220745565634,-50.9517760713699,-48.5962217732592,1,1,1,1,1,1,0,0,0
100x_02,PCI_100x_02.pacq,4,0.04,12584,14681,16778,-32.4450752857086,-43.0694375519032,-32.7119262495657,12648,14878,18811,-41.8799883529006,-36.2530114102486,-35.9880440419269,0.490934936190309,0.485744391301445,-53.944192458876,-53.2469996145398,-50.0074715107837,-48.6693442511105,1,1,1,1,1,1,0,0,0
100x_02,PCI_100x_02.pacq,5,0.045,12584,14681,16778,-30.8918674837721,-29.7486314335245,-30.4124599614868,12781,16715,18812,-34.8699897872796,-36.5834522338606,-28.8168956263543,0.624867501062658,0.465281767395619,-53.9774620118647,-53.0071487680922,-50.1840865757163,-48.1756668206538,1,1,1,1,1,1,0,0,0
100x_02,PCI_100x_02.pacq,6,0.05,12584,14681,16778,-29.5298299392847,-24.9602870994154,-19.7240591945401,12780,16714,16842,-31.9876660253684,-26.069907316966,-26.1622614961197,0.82362718679819,0.474018350843289,-53.9380988900729,-53.6274229570285,-50.642513392505,-47.5078037648756,1,1,1,1,1,1,0,0,0
100x_02,PCI_100x_02.pacq,7,0.055,12584,14681,16778,-29.2138093519976,-25.0758371729864,-19.6238147616666,12780,16714,18811,-29.8123113294996,-25.8395753657334,-25.1529667143525,1.19361567212664,0.480278100677452,-53.9163233305624,-53.1436285640195,-49.7130483895907,-46.1460400444399,1,1,1,1,1,1,1,0,0
100x_02,PCI_100x_02.pacq,8,0.06,12584,14681,16778,-29.2480531980038,-20.8512552553398,-20.8159731138931,14617,16714,18812,-28.3979252763759,-26.4896783600138,-19.6618493134021,2.17537440878212,0.473549943818784,-53.8795914292759,-51.6133987249039,-49.2074009255693,-47.1725706284844,1,1,1,1,1,1,1,1,1
100x_02,PCI_100x_02.pacq,9,0.065,12584,14681,16778,-28.171090331573,-21.9569440045834,-21.3789989702892,12761,16708,18811,-24.9043521381459,-24.4747372768394,-18.339165608408,4.77672336270594,0.470305588340059,-53.8330547011442,-48.8388657665188,-44.8586163382864,-44.1792303798068,1,1,1,1,1,1,1,1,1
100x_02,PCI_100x_02.pacq,10,0.07,12584,14681,16778,-25.7800709575824,-22.4840423163852,-19.5823759332502,12706,16702,18800,-23.2018448566058,-18.3125056137987,-14.9268773033243,7.29872096930049,0.485041052096939,-53.869375382499,-43.9189697105974,-47.1664278663958,-41.4371394988691,1,1,1,1,1,1,1,1,1
100x_02,PCI_100x_02.pacq,11,0.075,12584,14681,16778,-23.3268035847262,-17.4124810472863,-16.4541368262023,12688,16705,18812,-18.7408357932858,-15.9743309278044,-12.0609827596433,12.7946995672653,0.488338569620121,-53.8534278557025,-41.9309078971906,-45.7038954499367,-44.9138043436155,1,1,1,1,1,1,1,1,1
100x_02,PCI_100x_02.pacq,12,0.08,12584,14681,16778,-24.6096039164709,-18.5506626888236,-16.7351719763732,14605,16688,18784,-18.1555893789411,-13.0622618229661,-10.2693345006009,16.7578823781287,0.481666646114749,-53.790962359901,-41.151423171926,-45.8726177925698,-40.3024151234931,1,1,1,1,1,1,1,1,1
100x_02,PCI_100x_02.pacq,13,0.085,12584,14681,16778,-26.5567160623312,-17.732512822684,-18.330738151171,14593,16690,18787,-15.6552681195851,-12.8560046580458,-10.6981484710047,19.9700347036904,0.476170191370291,-53.7516330424052,-39.3371779913198,-41.4685583535544,-40.153741477451,1,1,1,1,1,1,1,1,1
100x_02,PCI_100x_02.pacq,14,0.09,12584,14681,16778,-25.402619532579,-23.9150491411095,-16.6499676808935,14586,16663,18761,-16.9497526144542,-14.4333654471317,-11.5523015171575,24.1411029281705,0.483775269607486,-53.6234278472822,-38.1180725317996,-38.2712544745791,-38.1646407680008,1,1,1,1,1,1,1,1,1
100x_02,PCI_100x_02.pacq,15,0.095,12584,14681,16778,-28.6819375551302,-19.0731444480177,-16.5838152012848,14606,16712,18675,-17.7777409427907,-13.6851158756515,-13.7620529848109,27.6197234342923,0.489339293836667,-53.6293451916236,-36.8197345780857,-35.5535750521584,-35.6738214289206,1,1,1,1,1,1,1,1,1
100x_02,PCI_100x_02.pacq,16,0.1,12584,14681,16778,-26.4935809469883,-24.0717449353564,-17.8007044844112,14593,16714,18811,-18.5653012561447,-14.7904389521814,-11.9976230444125,28.0489780815849,0.496292359263224,-53.5629526189086,-35.4703741112511,-35.2596619913373,-35.4317197840598,1,1,1,1,1,1,1,1,1
100x_02,PCI_100x_02.pacq,17,0.105,12584,14681,16778,-24.1132158893283,-23.6059025301264,-14.7341253457607,13903,16667,18651,-19.7912942651349,-15.443789998902,-13.0860661510615,32.0546734880089,0.536816597793163,-53.4614627428405,-33.9681800802946,-32.2599926480434,-32.3356325528671,1,1,1,1,1,1,1,1,1
100x_02,PCI_100x_02.pacq,18,0.11,12584,14681,16778,-22.4173373156188,-17.9607116561994,-17.3398319376521,13055,16502,18447,-18.3287310957899,-15.5794450222406,-12.4809642141834,31.5359506372428,0.546238501971437,-53.4365278297605,-32.4322360195811,-33.0887370031107,-33.2160130448232,1,1,1,1,1,1,1,1,1
100x_02,PCI_100x_02.pacq,19,0.115,12584,14681,16778,-26.3159712882111,-27.0794483924509,-17.8662284369445,14181,16633,18751,-19.8897273780209,-16.7410305917882,-14.4437176477706,36.0560333504034,0.561666192826163,-53.3771470985508,-32.234221999939,-34.1897054847402,-33.9587619714926,1,1,1,1,1,1,1,1,1
100x_02,PCI_100x_02.pacq,20,0.12,12584,14681,16778,-28.3796394700198,-24.455331804421,-16.9751041433031,13882,16681,17962,-18.735384240067,-15.1194821254356,-13.8734844105669,40.9415271883109,0.59107956143872,-53.2707564947119,-32.6015986999598,-33.1271731838607,-29.2599953515676,1,1,1,1,1,1,1,1,1
100x_02,PCI_100x_02.pacq,21,0.125,12584,14681,16778,-25.9856665955036,-23.3323890665799,-16.4904796787586,13705,16685,18656,-15.8860704866947,-14.9514836306026,-11.4510077153543,44.0927797473916,0.600999667339777,-53.2609320934293,-31.8762468143978,-34.9148964197528,-26.0697893957785,1,1,1,1,1,1,1,1,1
100x_02,PCI_100x_02.pacq,22,0.13,12584,14681,16778,-22.8259025195376,-18.7524279864985,-16.8788693827499,14256,16706,18247,-14.6238026622898,-11.0683344576518,-9.79352165183334,50.7083943927963,0.675673681219014,-52.9135115171115,-29.2937086368692,-32.4646251419362,-24.0073676222965,1,1,1,1,1,1,1,1,1
100x_02,PCI_100x_02.pacq,23,0.135,12584,14681,16778,-20.2234460020965,-18.3677838473624,-14.0303326454441,13309,16623,18167,-11.6163290072759,-9.67778319205186,-8.62723786753539,65.2275255309866,0.661811348616496,-53.056225265536,-28.0413474456783,-33.0631469502553,-22.44602478726,1,1,1,1,1,1,1,1,1
100x_02,PCI_100x_02.pacq,24,0.14,12584,14681,16778,-22.4283167586445,-21.1397752178596,-12.031886675343,14112,16355,18727,-12.422800828756,-9.40123690825673,-8.37084938065247,70.2748928343115,0.73615896189544,-52.9577831430724,-28.6148221387475,-30.8858891641089,-22.1121417202197,1,1,1,1,1,1,1,1,1
100x_02,PCI_100x_02.pacq,25,0.145,12584,14681,16778,-17.0465712105767,-19.4136641023973,-13.1537573664406,14515,16289,18761,-10.9367590877841,-8.38876006700282,-5.13031499671599,76.2232917066802,0.75307115990572,-52.7504275567875,-25.9233807639402,-28.9859796942934,-21.1375205048809,1,1,1,1,1,1,1,1,1
100x_02,PCI_100x_02.pacq,26,0.15,12584,14681,16778,-18.2350674214252,-16.3596134579371,-10.6263893568803,13564,16532,18628,-10.7330384592477,-8.37757959991322,-5.22966849328317,79.8376110840857,0.781896132865829,-52.5921584629752,-24.6617395594979,-27.8926410725342,-20.8715442701799,1,1,1,1,1,1,1,1,1
100x_02,PCI_100x_02.pacq,27,0.155,12584,14681,16778,-17.7618617947984,-15.4935836077262,-10.7652538245061,14263,16604,17593,-10.3754965753869,-6.87084354672426,-4.90193783753285,85.6318154479191,0.836263251524327,-52.3876859610292,-23.3877150567548,-26.9414274213098,-19.5250094141728,1,1,1,1,1,1,1,1,1
100x_02,PCI_100x_02.pacq,28,0.16,12584,14681,16778,-16.1112291521623,-12.8038378952913,-12.0854671956248,12867,16592,18781,-7.81397342563876,-6.68418932247366,-3.32743591235352,101.699486750683,0.939150347530212,-52.357284334588,-22.5750637230035,-27.9093449959311,-21.2291160031417,1,1,1,1,1,1,1,1,1
100x_02,PCI_100x_02.pacq,29,0.165,12584,14681,16778,-15.2197892340659,-11.4703910104678,-8.65859984645398,13425,15180,18235,-7.36981594463077,-5.52155185796554,-3.53013250191656,102.485675380887,0.96728555655438,-52.0626012172031,-22.9336830423437,-26.3131045342869,-20.1079253842266,1,1,1,1,1,1,1,1,1
100x_02,PCI_100x_02.pacq,30,0.17,12584,14681,16778,-15.0427024920359,-10.5422489545151,-11.2228956393411,13841,16512,18779,-6.95003799292922,-4.84031966405116,-2.4345777132472,109.953277151087,1.00960132190753,-52.0373707586178,-22.2434142418876,-26.9044803408376,-20.7222786228664,1,1,1,1,1,1,1,1,1
100x_02,PCI_100x_02.pacq,31,0.175,12584,14681,16778,-13.9643104009736,-13.5543718426107,-10.6580049735644,13256,15752,17849,-7.3869741084968,-4.97711812352828,-3.00404969702346,108.088620814261,1.1184826954886,-51.9394180120308,-22.4721366449541,-25.3979093724033,-20.9244847599353,1,1,1,1,1,1,1,1,1
100x_02,PCI_100x_02.pacq,32,0.18,12584,14681,16778,-15.3378649099296,-9.66818909128654,-8.12619682222844,14421,16256,18825,-6.75022378263048,-5.00193430359602,-1.88491261897841,114.268963635176,1.19513649086624,-51.6930576443785,-21.8757310395086,-24.4797391366621,-18.024877342886,1,1,1,1,1,1,1,1,1
1m_x_01,PCI_1m_x_01.pacq,1,0.025,12584,14681,16778,-61.8671300806965,-55.7165409490306,-54.7903983006371,14091,16591,18640,-55.8418943032661,-51.8510609679136,-50.5191844126656,0.47024900095536,0.466824353655995,-53.9883295258759,-54.2218417220859,-50.6375024680176,-48.3572425379499,0,0,0,0,0,0,0,0,0
1m_x_01,PCI_1m_x_01.pacq,2,0.03,12584,14681,16778,-61.225368349613,-55.1368223882465,-55.4961427619143,14308,16711,18593,-55.4878516321061,-52.6716173045865,-51.1406688290307,0.47635986328346,0.466623723656515,-53.9753045234719,-54.2236501123949,-50.3600334718426,-49.3149912174704,0,0,0,0,0,0,0,0,0
1m_x_01,PCI_1m_x_01.pacq,3,0.035,12584,14681,16778,-59.3246337068786,-49.3870546261269,-48.0046455316706,14617,16638,18811,-54.4229248709365,-52.3372924379594,-49.6501410997181,0.477707119271126,0.472431658827809,-53.9691717091287,-53.7220745565634,-50.9517760713699,-48.5962217732592,0,1,1,0,0,0,0,0,0
1m_x_01,PCI_1m_x_01.pacq,4,0.04,12584,14681,16778,-47.5170981572338,-38.9350120669385,-38.6887642855034,14617,16714,16842,-46.4519307773085,-45.1439268293023,-43.4224295334952,0.485735857138982,0.485744391301445,-53.944192458876,-53.2469996145398,-50.0074715107837,-48.6693442511105,1,1,1,1,1,1,0,0,0
1m_x_01,PCI_1m_x_01.pacq,5,0.045,12584,14681,16778,-58.0454229547588,-49.1407261538833,-46.5320091068572,12780,14877,18811,-49.7892224563555,-52.3518114677685,-46.7431867615156,0.483934782863291,0.465281767395619,-53.9774620118647,-53.0071487680922,-50.1840865757163,-48.1756668206538,0,1,1,1,0,1,0,0,0
1m_x_01,PCI_1m_x_01.pacq,6,0.05,12584,14681,16778,-58.3290807632822,-52.8418529184739,-53.1745296077291,14383,16414,18664,-54.5471444267174,-52.608704883534,-50.9260110619898,0.474359393398482,0.474018350843289,-53.9380988900729,-53.6274229570285,-50.642513392505,-47.5078037648756,0,1,1,0,0,0,0,0,0
1m_x_01,PCI_1m_x_01.pacq,7,0.055,12584,14681,16778,-52.7301540323676,-42.6491390551525,-38.3499969656998,12779,14876,18810,-37.8054585468436,-36.3074243540108,-36.147511768883,0.531361044799492,0.480278100677452,-53.9163233305624,-53.1436285640195,-49.7130483895907,-46.1460400444399,1,1,1,1,1,1,0,0,0
1m_x_01,PCI_1m_x_01.pacq,8,0.06,12584,14681,16778,-48.9909019290338,-40.75113573889,-34.031616363129,12779,14876,18810,-35.454085580689,-33.9241738878094,-34.1065520026604,1.09432405854138,0.473549943818784,-53.8795914292759,-51.6133987249039,-49.2074009255693,-47.1725706284844,1,1,1,1,1,1,1,0,0
1m_x_01,PCI_1m_x_01.pacq,9,0.065,12584,14681,16778,-51.7387998858794,-36.5104596027631,-35.1266169750858,14624,16722,18805,-35.4993342601426,-31.0273314697538,-27.9858032720512,1.17669839372418,0.470305588340059,-53.8330547011442,-48.8388657665188,-44.8586163382864,-44.1792303798068,1,1,1,1,1,1,1,0,0
1m_x_01,PCI_1m_x_01.pacq,10,0.07,12584,14681,16778,-50.5987884154172,-41.5762009993134,-43.3763441180556,14617,14878,18811,-49.7251864118847,-47.4959025148891,-42.8632902290273,1.2049815672355,0.485041052096939,-53.869375382499,-43.9189697105974,-47.1664278663958,-41.4371394988691,1,1,1,0,0,0,1,0,0
1m_x_01,PCI_1m_x_01.pacq,11,0.075,12584,14681,16778,-49.1051760462645,-40.5077885922172,-40.303393497255,14617,14878,18811,-48.0759676406791,-43.8684826519916,-39.1957001437298,3.27386153565925,0.488338569620121,-53.8534278557025,-41.9309078971906,-45.7038954499367,-44.9138043436155,1,1,1,0,1,1,1,1,1
1m_x_01,PCI_1m_x_01.pacq,12,0.08,12584,14681,16778,-47.9160441251195,-40.0706686445084,-32.120772191702,12707,16681,18754,-36.8153237636554,-33.6554132798969,-31.1354168600976,4.52576704147729,0.481666646114749,-53.790962359901,-41.151423171926,-45.8726177925698,-40.3024151234931,1,1,1,1,1,1,1,1,1
1m_x_01,PCI_1m_x_01.pacq,13,0.085,12584,14681,16778,-45.746967385938,-38.9711529459732,-33.7528675849946,12778,16714,18812,-42.5513979916894,-38.4250981135371,-38.4882209048615,5.28933640692063,0.476170191370291,-53.7516330424052,-39.3371779913198,-41.4685583535544,-40.153741477451,1,1,1,0,1,1,1,1,1
1m_x_01,PCI_1m_x_01.pacq,14,0.09,12584,14681,16778,-46.0352551028451,-38.2479584501865,-39.1011415932306,14617,16714,18791,-44.0982685258748,-42.261146160722,-39.9552892051055,6.91840141736812,0.483775269607486,-53.6234278472822,-38.1180725317996,-38.2712544745791,-38.1646407680008,1,1,1,0,0,0,1,1,1
1m_x_01,PCI_1m_x_01.pacq,15,0.095,12584,14681,16778,-46.5843122843544,-34.6898711158795,-34.2010542035805,12779,14875,18811,-37.6632674353419,-36.4777227326891,-33.4011066494171,8.43624054663674,0.489339293836667,-53.6293451916236,-36.8197345780857,-35.5535750521584,-35.6738214289206,1,1,1,0,0,1,1,1,1
1m_x_01,PCI_1m_x_01.pacq,16,0.1,12584,14681,16778,-41.6245800027432,-34.64845092311,-35.3801082490331,12971,14871,18811,-39.6986055967183,-39.9915013773002,-33.5605790220591,9.77530875298171,0.496292359263224,-53.5629526189086,-35.4703741112511,-35.2596619913373,-35.4317197840598,1,1,1,0,0,1,1,1,1
1m_x_01,PCI_1m_x_01.pacq,17,0.105,12584,14681,16778,-40.1563170532303,-30.5060269034005,-38.1951460099134,14617,14745,18811,-38.6933841701607,-38.975132366108,-31.2541081701028,10.7066966181763,0.536816597793163,-53.4614627428405,-33.9681800802946,-32.2599926480434,-32.3356325528671,1,1,1,0,0,1,1,1,1
1m_x_01,PCI_1m_x_01.pacq,18,0.11,12584,14681,16778,-41.1427716892469,-28.8589578486115,-32.9386191428019,14617,14745,18811,-37.1254259468554,-37.4963581318343,-34.0157110397474,9.87726683982337,0.546238501971437,-53.4365278297605,-32.4322360195811,-33.0887370031107,-33.2160130448232,1,1,1,0,0,0,1,1,1
1m_x_01,PCI_1m_x_01.pacq,19,0.115,12584,14681,16778,-38.7951983342777,-28.7650953238993,-29.5738209422,14617,16714,18811,-36.6224846983376,-35.6560981726199,-33.1499636756986,11.7513013767966,0.561666192826163,-53.3771470985508,-32.234221999939,-34.1897054847402,-33.9587619714926,1,1,1,0,0,1,1,1,1
1m_x_01,PCI_1m_x_01.pacq,20,0.12,12584,14681,16778,-34.1049378270748,-29.5986682372071,-28.0352890435492,14617,16714,18811,-37.2755724376277,-33.858985982303,-34.2465386797124,12.9322516256177,0.59107956143872,-53.2707564947119,-32.6015986999598,-33.1271731838607,-29.2599953515676,1,1,1,0,0,0,1,1,1
1m_x_01,PCI_1m_x_01.pacq,21,0.125,12584,14681,16778,-32.5623098638793,-28.8036335954802,-28.5823451702004,14617,16714,18811,-37.4640838873883,-32.3661176734314,-31.5216892021658,16.7201082195199,0.600999667339777,-53.2609320934293,-31.8762468143978,-34.9148964197528,-26.0697893957785,1,1,1,0,1,0,1,1,1
1m_x_01,PCI_1m_x_01.pacq,22,0.13,12584,14681,16778,-32.3046822974475,-28.5161402790546,-28.2450689784124,14547,16645,18812,-34.272040751459,-32.311177680651,-29.6595099784619,16.5413500630215,0.675673681219014,-52.9135115171115,-29.2937086368692,-32.4646251419362,-24.0073676222965,1,1,1,0,1,0,1,1,1
1m_x_01,PCI_1m_x_01.pacq,23,0.135,12584,14681,16778,-31.4250782271669,-26.626345418079,-32.9291810747804,14617,16714,18811,-35.309224355842,-35.3701826932871,-31.8286190732582,16.7234855849837,0.661811348616496,-53.056225265536,-28.0413474456783,-33.0631469502553,-22.44602478726,1,1,1,0,0,0,1,1,1
1m_x_01,PCI_1m_x_01.pacq,24,0.14,12584,14681,16778,-28.7284200718327,-25.4825071737909,-25.9042356506437,14617,16715,16842,-32.0343782505646,-32.1411657498596,-29.6257828223567,17.622918276719,0.73615896189544,-52.9577831430724,-28.6148221387475,-30.8858891641089,-22.1121417202197,1,1,1,0,0,0,1,1,1
1m_x_01,PCI_1m_x_01.pacq,25,0.145,12584,14681,16778,-28.1978975224958,-22.352020818576,-23.7729838299133,12967,16116,18598,-25.9483656101837,-22.2230645101979,-20.4282208638598,21.0718282654577,0.75307115990572,-52.7504275567875,-25.9233807639402,-28.9859796942934,-21.1375205048809,1,1,1,0,1,1,1,1,1
1m_x_01,PCI_1m_x_01.pacq,26,0.15,12584,14681,16778,-24.324796417835,-17.8399098519031,-21.0743469105032,13558,16051,18148,-17.7310609185062,-16.6538372032661,-14.0100484433909,36.3893899879082,0.781896132865829,-52.5921584629752,-24.6617395594979,-27.8926410725342,-20.8715442701799,1,1,1,1,1,1,1,1,1
1m_x_01,PCI_1m_x_01.pacq,27,0.155,12584,14681,16778,-18.1736230074615,-14.5297336905368,-16.688044414165,14575,16592,18688,-13.8882859541542,-12.2657558654569,-9.45807303433561,51.5541582326685,0.836263251524327,-52.3876859610292,-23.3877150567548,-26.9414274213098,-19.5250094141728,1,1,1,1,1,1,1,1,1
1m_x_01,PCI_1m_x_01.pacq,28,0.16,12584,14681,16778,-20.8968067783771,-21.1203371502197,-20.3459260815011,14355,16111,18185,-16.3868952785548,-13.5967723533146,-12.1101793436183,42.3241048552838,0.939150347530212,-52.357284334588,-22.5750637230035,-27.9093449959311,-21.2291160031417,1,1,1,1,1,1,1,1,1
1m_x_01,PCI_1m_x_01.pacq,29,0.165,12584,14681,16778,-25.4661203049042,-17.7415662498037,-20.9936093227426,13942,16718,18816,-16.9239719171037,-14.3719798564092,-11.5385810839676,38.2375569485315,0.96728555655438,-52.0626012172031,-22.9336830423437,-26.3131045342869,-20.1079253842266,1,1,1,1,1,1,1,1,1
1m_x_01,PCI_1m_x_01.pacq,30,0.17,12584,14681,16778,-23.3535705881864,-16.8801302493507,-17.1945894710628,12818,14915,17790,-16.4308892113226,-14.5415687699406,-12.5483566570993,35.2923789928244,1.00960132190753,-52.0373707586178,-22.2434142418876,-26.9044803408376,-20.7222786228664,1,1,1,1,1,1,1,1,1
1m_x_01,PCI_1m_x_01.pacq,31,0.175,12584,14681,16778,-23.1540423670028,-14.8758719869649,-17.8172546133323,14622,16587,17662,-14.5451531165769,-13.6426816570437,-11.3686454909379,45.0780885618586,1.1184826954886,-51.9394180120308,-22.4721366449541,-25.3979093724033,-20.9244847599353,1,1,1,1,1,1,1,1,1
1m_x_01,PCI_1m_x_01.pacq,32,0.18,12584,14681,16778,-19.1506354390926,-16.0046038528501,-17.5675561496041,14393,16375,18250,-16.3073648434238,-13.029039640608,-11.8339126763248,42.4580356077691,1.19513649086624,-51.6930576443785,-21.8757310395086,-24.4797391366621,-18.024877342886,1,1,1,1,1,1,1,1,1
1m_x_02,PCI_1m_x_02.pacq,1,0.025,12584,14681,16778,-59.50523090138,-58.4966955851538,-54.1800436147663,13633,15613,18141,-56.1306278639065,-52.6862301564901,-50.9041671449386,0.473245806138423,0.466824353655995,-53.9883295258759,-54.2218417220859,-50.6375024680176,-48.3572425379499,0,0,0,0,0,0,0,0,0
1m_x_02,PCI_1m_x_02.pacq,2,0.03,12584,14681,16778,-61.2085420043027,-56.4344589697588,-53.6257793494975,13541,16610,18575,-55.3863973837177,-52.3345696008237,-50.7076152833709,0.477904989794295,0.466623723656515,-53.9753045234719,-54.2236501123949,-50.3600334718426,-49.3149912174704,0,0,1,0,0,0,0,0,0
1m_x_02,PCI_1m_x_02.pacq,3,0.035,12584,14681,16778,-57.2791832292509,-55.0840136490116,-51.1489114384742,14513,16167,17243,-54.6497425970273,-52.6428249140519,-50.5348871455533,0.467230974962409,0.472431658827809,-53.9691717091287,-53.7220745565634,-50.9517760713699,-48.5962217732592,0,0,1,0,0,0,0,0,0
1m_x_02,PCI_1m_x_02.pacq,4,0.04,12584,14681,16778,-57.0629756779107,-50.0172435715966,-57.4191755753882,14316,16700,18289,-54.7354442086688,-52.5565895288772,-51.4385202019011,0.484936064019951,0.485744391301445,-53.944192458876,-53.2469996145398,-50.0074715107837,-48.6693442511105,0,1,0,0,0,0,0,0,0
1m_x_02,PCI_1m_x_02.pacq,5,0.045,12584,14681,16778,-59.6220506166441,-53.0863873834091,-50.53294969894,14492,16190,18716,-53.8693124278648,-51.993508803136,-50.6562554244762,0.482251367253415,0.465281767395619,-53.9774620118647,-53.0071487680922,-50.1840865757163,-48.1756668206538,0,1,1,0,0,0,0,0,0
1m_x_02,PCI_1m_x_02.pacq,6,0.05,12584,14681,16778,-61.0231945658835,-52.6240716806081,-44.728597955391,12780,14877,18811,-46.9403682324225,-46.4735190269952,-41.0685421570487,0.474609137208945,0.474018350843289,-53.9380988900729,-53.6274229570285,-50.642513392505,-47.5078037648756,0,1,1,1,1,1,0,0,0
1m_x_02,PCI_1m_x_02.pacq,7,0.055,12584,14681,16778,-60.3055220189964,-48.692958744999,-51.9328508384608,12781,15597,17172,-53.7781345323453,-52.5644047506153,-49.6176975885538,0.470779361513407,0.480278100677452,-53.9163233305624,-53.1436285640195,-49.7130483895907,-46.1460400444399,0,1,1,0,0,0,0,0,0
1m_x_02,PCI_1m_x_02.pacq,8,0.06,12584,14681,16778,-57.6971742852888,-46.3766806632351,-52.3244838532473,14617,14745,18811,-52.3784266128009,-51.8673572400532,-47.1623951993516,0.484796165965023,0.473549943818784,-53.8795914292759,-51.6133987249039,-49.2074009255693,-47.1725706284844,0,1,1,0,0,1,0,0,0
1m_x_02,PCI_1m_x_02.pacq,9,0.065,12584,14681,16778,-57.1215204763284,-45.4392538290433,-49.0729756528222,14617,16667,18811,-53.2078209232769,-51.1762948089627,-45.4852623817679,0.559691658992818,0.470305588340059,-53.8330547011442,-48.8388657665188,-44.8586163382864,-44.1792303798068,0,1,1,0,0,0,0,0,0
1m_x_02,PCI_1m_x_02.pacq,10,0.07,12584,14681,16778,-52.1888254017494,-44.2854204639642,-42.2554394935178,14617,16707,18799,-40.8680362991635,-37.014952051702,-34.2310104885127,0.858841165246063,0.485041052096939,-53.869375382499,-43.9189697105974,-47.1664278663958,-41.4371394988691,1,1,1,1,1,1,0,0,0
1m_x_02,PCI_1m_x_02.pacq,11,0.075,12584,14681,16778,-50.7230257353379,-41.8060755828078,-46.6886923693989,14617,16703,18811,-48.029582826001,-46.3086158336425,-43.9047949309222,2.45987881323197,0.488338569620121,-53.8534278557025,-41.9309078971906,-45.7038954499367,-44.9138043436155,1,1,1,0,0,1,1,1,1
1m_x_02,PCI_1m_x_02.pacq,12,0.08,12584,14681,16778,-48.6959971360798,-38.1958951314421,-43.0354920703475,14617,14745,18811,-46.0377247785368,-47.245590802261,-41.704841572287,1.97773916446928,0.481666646114749,-53.790962359901,-41.151423171926,-45.8726177925698,-40.3024151234931,1,1,1,0,0,0,1,1,1
1m_x_02,PCI_1m_x_02.pacq,13,0.085,12584,14681,16778,-46.1842903850206,-36.6208440268862,-37.3525695016405,14617,16713,18811,-44.1310337951499,-40.8913311987576,-36.7736265670295,3.18317086215816,0.476170191370291,-53.7516330424052,-39.3371779913198,-41.4685583535544,-40.153741477451,1,1,1,0,1,1,1,1,1
1m_x_02,PCI_1m_x_02.pacq,14,0.09,12584,14681,16778,-45.9226444397567,-37.2925776353299,-37.2420700501171,14617,16714,18811,-44.9811861570666,-42.6753618586429,-36.9793585791291,3.85739829279035,0.483775269607486,-53.6234278472822,-38.1180725317996,-38.2712544745791,-38.1646407680008,1,1,1,0,0,1,1,1,1
1m_x_02,PCI_1m_x_02.pacq,15,0.095,12584,14681,16778,-42.2591971286555,-36.0202140542092,-33.0145865062417,14617,16714,18804,-43.1211257488825,-38.101685289217,-35.5982121572007,5.54428111522148,0.489339293836667,-53.6293451916236,-36.8197345780857,-35.5535750521584,-35.6738214289206,1,1,1,0,0,1,1,1,1
1m_x_02,PCI_1m_x_02.pacq,16,0.1,12584,14681,16778,-40.4607673859524,-34.5370377220908,-41.1250854201052,14617,16729,18811,-41.8330458512529,-41.3030056970056,-36.4810174489508,9.59424207212932,0.496292359263224,-53.5629526189086,-35.4703741112511,-35.2596619913373,-35.4317197840598,1,1,1,0,0,0,1,1,1
1m_x_02,PCI_1m_x_02.pacq,17,0.105,12584,14681,16778,-39.1317146885372,-32.602356089822,-40.5539050097356,14617,14745,18811,-39.9560094942949,-40.5557607449236,-36.9933345405694,8.11904791755574,0.536816597793163,-53.4614627428405,-33.9681800802946,-32.2599926480434,-32.3356325528671,1,1,1,0,0,0,1,1,1
1m_x_02,PCI_1m_x_02.pacq,18,0.11,12584,14681,16778,-38.3864567969543,-30.3205678303927,-36.5689803586251,14617,16715,18811,-37.4192689929059,-37.2215512350585,-34.1397537741174,10.5038525027591,0.546238501971437,-53.4365278297605,-32.4322360195811,-33.0887370031107,-33.2160130448232,1,1,1,0,0,0,1,1,1
1m_x_02,PCI_1m_x_02.pacq,19,0.115,12584,14681,16778,-36.6537087017054,-29.3730777135789,-33.3026377029186,14617,14745,18812,-38.1419076570758,-37.6434119617628,-35.7531063565928,10.4437567838846,0.561666192826163,-53.3771470985508,-32.234221999939,-34.1897054847402,-33.9587619714926,1,1,1,0,0,0,1,1,1
1m_x_02,PCI_1m_x_02.pacq,20,0.12,12584,14681,16778,-36.2132258507522,-29.8670594292117,-30.7609927455818,12780,14877,18811,-35.2843790627305,-36.8501895352948,-34.1351897011751,12.8486512906184,0.59107956143872,-53.2707564947119,-32.6015986999598,-33.1271731838607,-29.2599953515676,1,1,1,0,0,0,1,1,1
1m_x_02,PCI_1m_x_02.pacq,21,0.125,12584,14681,16778,-32.9184107350358,-29.5314029375716,-29.1813052890259,14617,16714,16843,-37.8987684857152,-36.6202071881405,-35.437996661661,10.8155707229531,0.600999667339777,-53.2609320934293,-31.8762468143978,-34.9148964197528,-26.0697893957785,1,1,1,0,0,0,1,1,1
1m_x_02,PCI_1m_x_02.pacq,22,0.13,12584,14681,16778,-32.9371072246794,-28.4859663344302,-30.2572688177168,14617,14745,18812,-36.2962641048175,-36.3595819216427,-33.9721693070284,13.7283851002742,0.675673681219014,-52.9135115171115,-29.2937086368692,-32.4646251419362,-24.0073676222965,1,1,1,0,0,0,1,1,1
1m_x_02,PCI_1m_x_02.pacq,23,0.135,12584,14681,16778,-30.9043538584814,-26.2337615107624,-31.9558826253894,14617,14745,18696,-34.2876140533601,-32.8951521667338,-32.1101166572357,17.3532797523407,0.661811348616496,-53.056225265536,-28.0413474456783,-33.0631469502553,-22.44602478726,1,1,1,0,1,0,1,1,1
1m_x_02,PCI_1m_x_02.pacq,24,0.14,12584,14681,16778,-28.5462614786573,-24.8778810739302,-31.0874248353246,13193,16446,17322,-29.8809443492578,-26.9001985830594,-24.4464173451776,13.9769976801335,0.73615896189544,-52.9577831430724,-28.6148221387475,-30.8858891641089,-22.1121417202197,1,1,1,0,1,0,1,1,1
1m_x_02,PCI_1m_x_02.pacq,25,0.145,12584,14681,16778,-28.9017454588729,-24.9047373807804,-28.0235423384343,14584,16680,17804,-26.26464786562,-24.4305962980898,-21.257599483274,17.4838094661328,0.75307115990572,-52.7504275567875,-25.9233807639402,-28.9859796942934,-21.1375205048809,1,1,1,0,1,0,1,1,1
1m_x_02,PCI_1m_x_02.pacq,26,0.15,12584,14681,16778,-23.6997689400304,-23.8535481705951,-22.7533246746929,14579,15493,18646,-21.1250254743149,-18.5693336972086,-15.7033962964269,25.2191139203936,0.781896132865829,-52.5921584629752,-24.6617395594979,-27.8926410725342,-20.8715442701799,1,1,1,1,1,1,1,1,1
1m_x_02,PCI_1m_x_02.pacq,27,0.155,12584,14681,16778,-27.1596242509418,-25.0482579912121,-24.2396720161378,14092,16631,18191,-27.4751060328584,-25.669791574672,-22.190650822407,21.3761266756459,0.836263251524327,-52.3876859610292,-23.3877150567548,-26.9414274213098,-19.5250094141728,1,1,1,0,1,0,1,1,1
1m_x_02,PCI_1m_x_02.pacq,28,0.16,12584,14681,16778,-22.8137661791032,-18.3625488703138,-20.4324612113948,13040,15832,17930,-16.9744549525959,-15.025512809087,-12.5396422629019,36.946476300748,0.939150347530212,-52.357284334588,-22.5750637230035,-27.9093449959311,-21.2291160031417,1,1,1,1,1,1,1,1,1
1m_x_02,PCI_1m_x_02.pacq,29,0.165,12584,14681,16778,-25.3718076424761,-19.3171606102429,-23.6675809729472,14535,15839,18770,-20.9172499907748,-17.3196793297451,-15.0302319660272,28.0047531665985,0.96728555655438,-52.0626012172031,-22.9336830423437,-26.3131045342869,-20.1079253842266,1,1,1,1,1,1,1,1,1
1m_x_02,PCI_1m_x_02.pacq,30,0.17,12584,14681,16778,-22.180343425818,-16.4692251081504,-17.1823650109868,14476,15712,17809,-16.884331133164,-14.4665188506427,-11.3647517815234,36.3648622483593,1.00960132190753,-52.0373707586178,-22.2434142418876,-26.9044803408376,-20.7222786228664,1,1,1,1,1,1,1,1,1
1m_x_02,PCI_1m_x_02.pacq,31,0.175,12584,14681,16778,-20.8158571057944,-16.0658201251079,-20.1046542630795,14301,16694,18206,-14.4675315671288,-11.4371427900771,-10.4746672653909,50.9157039121118,1.1184826954886,-51.9394180120308,-22.4721366449541,-25.3979093724033,-20.9244847599353,1,1,1,1,1,1,1,1,1
1m_x_02,PCI_1m_x_02.pacq,32,0.18,12584,14681,16778,-22.8941907646378,-15.0141992748644,-21.6134619730166,14493,16357,18759,-16.7595350309632,-13.1596369355356,-12.6281421280433,33.3874893985732,1.19513649086624,-51.6930576443785,-21.8757310395086,-24.4797391366621,-18.024877342886,1,1,1,1,1,1,1,1,1
